timestamp,service,level,message,request_id,level_imputed,is_ts_anomaly,date,hour
2026-07-27 00:02:47+00:00,notification-worker,ERROR,ERR SMTPConnRefused host=mail-gw,req-65568711,False,False,2026-07-27,0
2026-07-27 00:12:06+00:00,auth-service,INFO,Session created uid=u2746,req-72350830,False,False,2026-07-27,0
2026-07-27 00:13:20+00:00,payment-api,WARN,Retry 1/3 calling notification-worker,req-22315507,False,False,2026-07-27,0
2026-07-27 00:20:17+00:00,notification-worker,INFO,SMS sent uid=u1132,req-27740248,False,False,2026-07-27,0
2026-07-27 00:27:38+00:00,auth-service,WARN,Slow login 900ms uid=u7882,req-95306788,False,False,2026-07-27,0
2026-07-27 00:32:14+00:00,auth-service,INFO,Session created uid=u2528,req-38688676,False,False,2026-07-27,0
2026-07-27 00:36:27+00:00,notification-worker,INFO,Email sent uid=u2106,req-63415303,False,False,2026-07-27,0
2026-07-27 00:36:32+00:00,batch-report,INFO,Daily report job started,req-67790557,False,False,2026-07-27,0
2026-07-27 00:53:39+00:00,batch-report,WARN,Report row mismatch expected=843 got=759,req-56751880,False,False,2026-07-27,0
2026-07-27 00:58:15+00:00,web-portal,INFO,Request completed path=/report in 554ms,req-20952896,False,False,2026-07-27,0
2026-07-27 00:58:35+00:00,notification-worker,INFO,SMS sent uid=u5942,req-42123815,False,False,2026-07-27,0
2026-07-27 01:04:00+00:00,notification-worker,INFO,Email sent uid=u5602,req-41240803,False,False,2026-07-27,1
2026-07-27 01:11:18+00:00,payment-api,INFO,Balance check ok uid=u4792,req-45507920,False,False,2026-07-27,1
2026-07-27 01:22:55+00:00,notification-worker,WARN,Queue depth high depth=2656,req-74154596,False,False,2026-07-27,1
2026-07-27 01:23:40+00:00,web-portal,INFO,Request completed path=/home in 752ms,req-70210270,False,False,2026-07-27,1
2026-07-27 01:25:30+00:00,web-portal,INFO,Request completed path=/home in 489ms,req-31306555,False,False,2026-07-27,1
2026-07-27 01:35:54+00:00,notification-worker,INFO,Email sent uid=u4792,req-87949714,False,False,2026-07-27,1
2026-07-27 01:36:12+00:00,notification-worker,INFO,Email sent uid=u1201,req-34019729,False,False,2026-07-27,1
2026-07-27 01:39:03+00:00,payment-api,INFO,Payment processed txn=t419149 amount=990000,req-28208520,False,False,2026-07-27,1
2026-07-27 01:42:55+00:00,auth-service,INFO,User login success uid=u2796,req-18526544,False,False,2026-07-27,1
2026-07-27 01:53:59+00:00,web-portal,INFO,Request completed path=/report in 768ms,req-48260510,False,False,2026-07-27,1
2026-07-27 01:54:55+00:00,payment-api,ERROR,ERR ConnTimeout db-primary after 30s retry=3,req-98843907,False,False,2026-07-27,1
2026-07-27 02:08:05+00:00,auth-service,INFO,Token refreshed uid=u3697,req-48285503,False,False,2026-07-27,2
2026-07-27 02:10:16+00:00,payment-api,INFO,Payment processed txn=t931131 amount=250000,req-48736657,False,False,2026-07-27,2
2026-07-27 02:10:52+00:00,web-portal,INFO,Request completed path=/home in 535ms,req-91424562,False,False,2026-07-27,2
2026-07-27 02:12:52+00:00,payment-api,INFO,Payment processed txn=t988456 amount=990000,req-69533928,False,False,2026-07-27,2
2026-07-27 02:16:40+00:00,batch-report,WARN,Report row mismatch expected=966 got=800,req-25294777,False,False,2026-07-27,2
2026-07-27 02:17:12+00:00,web-portal,INFO,Request completed path=/report in 651ms,req-87181563,False,False,2026-07-27,2
2026-07-27 02:18:20+00:00,notification-worker,INFO,SMS sent uid=u9756,req-53334226,False,False,2026-07-27,2
2026-07-27 02:23:59+00:00,web-portal,INFO,Request completed path=/report in 330ms,req-30182766,False,False,2026-07-27,2
2026-07-27 02:29:53+00:00,auth-service,INFO,Session created uid=u1659,req-93394260,False,False,2026-07-27,2
2026-07-27 02:30:34+00:00,notification-worker,INFO,SMS sent uid=u8620,req-11069604,False,False,2026-07-27,2
2026-07-27 02:31:04+00:00,batch-report,INFO,Daily report job finished rows=1124,req-43914361,False,False,2026-07-27,2
2026-07-27 02:31:56+00:00,auth-service,INFO,User login success uid=u1750,req-23556182,False,False,2026-07-27,2
2026-07-27 02:32:30+00:00,payment-api,INFO,Payment processed txn=t910208 amount=990000,req-47962005,False,False,2026-07-27,2
2026-07-27 02:34:43+00:00,notification-worker,INFO,SMS sent uid=u4751,req-59333294,False,False,2026-07-27,2
2026-07-27 02:37:27+00:00,web-portal,INFO,Request completed path=/report in 486ms,req-52018286,False,False,2026-07-27,2
2026-07-27 02:40:37+00:00,web-portal,INFO,Request completed path=/report in 822ms,req-27268907,False,False,2026-07-27,2
2026-07-27 02:41:21+00:00,payment-api,INFO,Payment processed txn=t462351 amount=250000,req-71315464,False,False,2026-07-27,2
2026-07-27 02:43:27+00:00,payment-api,INFO,Payment processed txn=t919488 amount=250000,req-97219599,False,False,2026-07-27,2
2026-07-27 02:44:22+00:00,auth-service,INFO,User login success uid=u3442,req-29876811,False,False,2026-07-27,2
2026-07-27 02:44:29+00:00,payment-api,INFO,Balance check ok uid=u3306,req-84801233,False,False,2026-07-27,2
2026-07-27 02:47:37+00:00,web-portal,INFO,Request completed path=/report in 513ms,req-70362235,False,False,2026-07-27,2
2026-07-27 02:49:58+00:00,notification-worker,WARN,Queue depth high depth=863,req-99929175,False,False,2026-07-27,2
2026-07-27 02:52:30+00:00,payment-api,INFO,Payment processed txn=t749813 amount=120000,req-71894493,False,False,2026-07-27,2
2026-07-27 02:53:04+00:00,web-portal,INFO,Request completed path=/home in 895ms,req-80836292,False,False,2026-07-27,2
2026-07-27 02:54:54+00:00,web-portal,INFO,Request completed path=/home in 353ms,req-32366682,False,False,2026-07-27,2
2026-07-27 02:56:06+00:00,batch-report,INFO,Daily report job finished rows=993,req-17531619,False,False,2026-07-27,2
2026-07-27 02:56:29+00:00,payment-api,WARN,Slow query 1200ms table=tx_history,req-83599154,False,False,2026-07-27,2
2026-07-27 02:58:02+00:00,web-portal,INFO,Request completed path=/report in 711ms,req-27307598,False,False,2026-07-27,2
2026-07-27 02:59:12+00:00,batch-report,INFO,Daily report job started,req-52503832,False,False,2026-07-27,2
2026-07-27 03:00:28+00:00,web-portal,INFO,Request completed path=/report in 656ms,req-53112268,False,False,2026-07-27,3
2026-07-27 03:06:28+00:00,payment-api,WARN,Slow query 1200ms table=tx_history,req-84674816,False,False,2026-07-27,3
2026-07-27 03:07:01+00:00,web-portal,INFO,Request completed path=/home in 578ms,req-84377016,False,False,2026-07-27,3
2026-07-27 03:10:42+00:00,batch-report,INFO,Daily report job started,req-23863742,False,False,2026-07-27,3
2026-07-27 03:15:46+00:00,batch-report,INFO,Daily report job started,req-61705758,False,False,2026-07-27,3
2026-07-27 03:16:53+00:00,payment-api,INFO,Payment processed txn=t442589 amount=990000,req-59104566,False,False,2026-07-27,3
2026-07-27 03:17:16+00:00,payment-api,INFO,Balance check ok uid=u7464,req-45186708,False,False,2026-07-27,3
2026-07-27 03:19:19+00:00,payment-api,INFO,Balance check ok uid=u8700,req-31585546,False,False,2026-07-27,3
2026-07-27 03:19:30+00:00,payment-api,INFO,Payment processed txn=t807053 amount=50000,req-87342561,False,False,2026-07-27,3
2026-07-27 03:26:55+00:00,notification-worker,INFO,Email sent uid=u8570,req-27544302,False,False,2026-07-27,3
2026-07-27 03:27:55+00:00,notification-worker,INFO,Email sent uid=u1017,req-79718627,False,False,2026-07-27,3
2026-07-27 03:31:16+00:00,auth-service,INFO,Token refreshed uid=u6881,req-71662963,False,False,2026-07-27,3
2026-07-27 03:35:24+00:00,batch-report,INFO,Daily report job finished rows=989,req-16135823,False,False,2026-07-27,3
2026-07-27 03:37:31+00:00,notification-worker,INFO,Email sent uid=u8529,req-67418250,False,False,2026-07-27,3
2026-07-27 03:38:44+00:00,notification-worker,INFO,Email sent uid=u5060,req-39448924,False,False,2026-07-27,3
2026-07-27 03:39:14+00:00,payment-api,INFO,Balance check ok uid=u8213,req-97883261,False,False,2026-07-27,3
2026-07-27 03:39:36+00:00,payment-api,INFO,Balance check ok uid=u4180,req-81690398,False,False,2026-07-27,3
2026-07-27 03:50:48+00:00,notification-worker,INFO,Email sent uid=u3693,req-58088526,False,False,2026-07-27,3
2026-07-27 03:51:26+00:00,batch-report,WARN,Report row mismatch expected=1061 got=1082,req-84892608,False,False,2026-07-27,3
2026-07-27 03:52:45+00:00,batch-report,INFO,Daily report job finished rows=984,req-23721268,False,False,2026-07-27,3
2026-07-27 03:53:46+00:00,batch-report,INFO,Daily report job started,req-43878996,False,False,2026-07-27,3
2026-07-27 03:56:08+00:00,auth-service,INFO,User login success uid=u7267,req-56930359,False,False,2026-07-27,3
2026-07-27 04:02:14+00:00,payment-api,ERROR,ERR PaymentDeclined txn=t811163 code=51,req-39597483,False,False,2026-07-27,4
2026-07-27 04:02:53+00:00,web-portal,INFO,Request completed path=/report in 164ms,req-95758649,False,False,2026-07-27,4
2026-07-27 04:09:13+00:00,payment-api,INFO,Balance check ok uid=u2070,req-30364454,False,False,2026-07-27,4
2026-07-27 04:13:22+00:00,notification-worker,INFO,SMS sent uid=u8428,req-26031369,False,False,2026-07-27,4
2026-07-27 04:16:16+00:00,batch-report,INFO,Daily report job started,req-47991562,False,False,2026-07-27,4
2026-07-27 04:16:36+00:00,payment-api,INFO,Balance check ok uid=u3522,req-74759996,False,False,2026-07-27,4
2026-07-27 04:19:09+00:00,batch-report,INFO,Daily report job finished rows=865,req-10466177,False,False,2026-07-27,4
2026-07-27 04:21:53+00:00,auth-service,INFO,Token refreshed uid=u5033,req-85863473,False,False,2026-07-27,4
2026-07-27 04:25:07+00:00,web-portal,INFO,Request completed path=/home in 282ms,req-84359498,False,False,2026-07-27,4
2026-07-27 04:27:54+00:00,web-portal,INFO,Request completed path=/home in 502ms,req-21783073,False,False,2026-07-27,4
2026-07-27 04:31:39+00:00,payment-api,INFO,Balance check ok uid=u8679,req-77172238,False,False,2026-07-27,4
2026-07-27 04:32:14+00:00,auth-service,INFO,Token refreshed uid=u5920,req-49682169,False,False,2026-07-27,4
2026-07-27 04:32:41+00:00,auth-service,INFO,Session created uid=u7201,req-87490893,False,False,2026-07-27,4
2026-07-27 04:34:43+00:00,auth-service,INFO,Session created uid=u3103,req-91415657,False,False,2026-07-27,4
2026-07-27 04:35:45+00:00,web-portal,INFO,Request completed path=/home in 410ms,req-14346684,False,False,2026-07-27,4
2026-07-27 04:37:17+00:00,notification-worker,INFO,SMS sent uid=u5403,req-46504617,False,False,2026-07-27,4
2026-07-27 04:38:03+00:00,auth-service,INFO,Session created uid=u4143,req-92613013,False,False,2026-07-27,4
2026-07-27 04:38:24+00:00,auth-service,INFO,Token refreshed uid=u1685,req-38195995,False,False,2026-07-27,4
2026-07-27 04:40:21+00:00,web-portal,INFO,Request completed path=/report in 483ms,req-26664623,False,False,2026-07-27,4
2026-07-27 04:48:10+00:00,notification-worker,INFO,Email sent uid=u5945,req-21062296,False,False,2026-07-27,4
2026-07-27 04:52:36+00:00,batch-report,ERROR,ERR NullPointer in ReportBuilder step=aggregate,req-28972822,False,False,2026-07-27,4
2026-07-27 04:53:09+00:00,batch-report,INFO,Daily report job finished rows=857,req-71594457,False,False,2026-07-27,4
2026-07-27 04:54:35+00:00,web-portal,INFO,Request completed path=/home in 77ms,req-36772387,False,False,2026-07-27,4
2026-07-27 04:59:33+00:00,notification-worker,INFO,SMS sent uid=u7270,req-81203615,False,False,2026-07-27,4
2026-07-27 04:59:44+00:00,notification-worker,INFO,Email sent uid=u1185,req-32409388,False,False,2026-07-27,4
2026-07-27 05:00:21+00:00,batch-report,INFO,Daily report job finished rows=911,req-60090149,False,False,2026-07-27,5
2026-07-27 05:13:38+00:00,web-portal,INFO,Request completed path=/home in 669ms,req-65910756,False,False,2026-07-27,5
2026-07-27 05:18:46+00:00,batch-report,INFO,Daily report job started,req-40872577,False,False,2026-07-27,5
2026-07-27 05:19:28+00:00,notification-worker,INFO,Email sent uid=u6277,req-29081953,False,False,2026-07-27,5
2026-07-27 05:19:58+00:00,web-portal,WARN,Response time 2100ms path=/report,req-98043078,False,False,2026-07-27,5
2026-07-27 05:21:53+00:00,auth-service,INFO,User login success uid=u1400,req-71124923,False,False,2026-07-27,5
2026-07-27 05:22:40+00:00,notification-worker,WARN,Queue depth high depth=797,req-60142505,False,False,2026-07-27,5
2026-07-27 05:22:49+00:00,web-portal,WARN,Response time 2100ms path=/report,req-66207740,False,False,2026-07-27,5
2026-07-27 05:25:21+00:00,web-portal,INFO,Request completed path=/report in 667ms,req-92745294,False,False,2026-07-27,5
2026-07-27 05:29:46+00:00,web-portal,INFO,Request completed path=/report in 492ms,req-89379016,False,False,2026-07-27,5
2026-07-27 05:34:12+00:00,auth-service,WARN,Slow login 900ms uid=u8135,req-72394301,False,False,2026-07-27,5
2026-07-27 05:43:55+00:00,auth-service,INFO,Session created uid=u1931,req-41568532,False,False,2026-07-27,5
2026-07-27 05:45:58+00:00,payment-api,INFO,Payment processed txn=t677596 amount=50000,req-25228493,False,False,2026-07-27,5
2026-07-27 05:48:54+00:00,batch-report,INFO,Daily report job finished rows=860,req-59330907,False,False,2026-07-27,5
2026-07-27 05:50:12+00:00,web-portal,INFO,Request completed path=/home in 890ms,req-70549373,False,False,2026-07-27,5
2026-07-27 05:52:54+00:00,auth-service,INFO,Token refreshed uid=u9837,req-25014631,False,False,2026-07-27,5
2026-07-27 05:54:52+00:00,batch-report,INFO,Daily report job finished rows=1076,req-28783850,False,False,2026-07-27,5
2026-07-27 05:59:02+00:00,batch-report,WARN,Report row mismatch expected=881 got=869,req-67226329,False,False,2026-07-27,5
2026-07-27 05:59:26+00:00,batch-report,INFO,Daily report job started,req-75609379,False,False,2026-07-27,5
2026-07-27 05:59:27+00:00,payment-api,INFO,Balance check ok uid=u5210,req-25457816,False,False,2026-07-27,5
2026-07-27 06:02:35+00:00,notification-worker,INFO,SMS sent uid=u3281,req-86514083,False,False,2026-07-27,6
2026-07-27 06:06:58+00:00,notification-worker,INFO,Email sent uid=u8096,req-33193791,False,False,2026-07-27,6
2026-07-27 06:07:17+00:00,web-portal,INFO,Request completed path=/report in 583ms,req-57123808,False,False,2026-07-27,6
2026-07-27 06:10:41+00:00,auth-service,INFO,Session created uid=u2389,req-40150759,False,False,2026-07-27,6
2026-07-27 06:14:23+00:00,batch-report,INFO,Daily report job started,req-80888325,False,False,2026-07-27,6
2026-07-27 06:19:42+00:00,payment-api,INFO,Payment processed txn=t264136 amount=50000,req-73070585,False,False,2026-07-27,6
2026-07-27 06:22:42+00:00,payment-api,INFO,Payment processed txn=t644173 amount=990000,req-95199362,False,False,2026-07-27,6
2026-07-27 06:26:58+00:00,web-portal,INFO,Request completed path=/home in 737ms,req-94183695,False,False,2026-07-27,6
2026-07-27 06:30:16+00:00,auth-service,INFO,Session created uid=u9317,req-30513739,False,False,2026-07-27,6
2026-07-27 06:31:48+00:00,batch-report,INFO,Daily report job started,req-20326375,False,False,2026-07-27,6
2026-07-27 06:46:45+00:00,batch-report,INFO,Daily report job finished rows=951,req-33554528,False,False,2026-07-27,6
2026-07-27 06:47:00+00:00,web-portal,ERROR,ERR HTTP 502 upstream=payment-api path=/checkout,req-54968591,False,False,2026-07-27,6
2026-07-27 06:51:02+00:00,batch-report,INFO,Daily report job started,req-38428357,False,False,2026-07-27,6
2026-07-27 06:54:38+00:00,payment-api,INFO,Balance check ok uid=u3001,req-12866549,False,False,2026-07-27,6
2026-07-27 06:54:41+00:00,web-portal,INFO,Request completed path=/report in 550ms,req-22086184,False,False,2026-07-27,6
2026-07-27 06:59:26+00:00,web-portal,INFO,Request completed path=/report in 119ms,req-78140959,False,False,2026-07-27,6
2026-07-27 07:06:54+00:00,notification-worker,INFO,SMS sent uid=u9954,req-13209180,False,False,2026-07-27,7
2026-07-27 07:11:59+00:00,notification-worker,INFO,Email sent uid=u8265,req-71873691,False,False,2026-07-27,7
2026-07-27 07:14:22+00:00,auth-service,INFO,Session created uid=u9928,req-31429110,False,False,2026-07-27,7
2026-07-27 07:15:11+00:00,payment-api,INFO,Balance check ok uid=u7302,req-58178682,False,False,2026-07-27,7
2026-07-27 07:15:43+00:00,notification-worker,INFO,SMS sent uid=u9614,req-74382155,False,False,2026-07-27,7
2026-07-27 07:18:22+00:00,notification-worker,INFO,SMS sent uid=u5777,req-59428849,False,False,2026-07-27,7
2026-07-27 07:28:15+00:00,notification-worker,INFO,Email sent uid=u9680,req-47557512,False,False,2026-07-27,7
2026-07-27 07:42:40+00:00,auth-service,INFO,Token refreshed uid=u9835,req-68800797,False,False,2026-07-27,7
2026-07-27 07:47:23+00:00,auth-service,INFO,Session created uid=u2052,req-18357162,False,False,2026-07-27,7
2026-07-27 07:49:03+00:00,notification-worker,INFO,SMS sent uid=u4066,req-96876236,False,False,2026-07-27,7
2026-07-27 07:49:43+00:00,notification-worker,INFO,Email sent uid=u6370,req-63183031,False,False,2026-07-27,7
2026-07-27 07:54:34+00:00,notification-worker,INFO,SMS sent uid=u2420,req-57182314,False,False,2026-07-27,7
2026-07-27 07:58:41+00:00,batch-report,INFO,Daily report job started,req-65813853,False,False,2026-07-27,7
2026-07-27 08:09:52+00:00,payment-api,WARN,Retry 1/3 calling notification-worker,req-40354559,False,False,2026-07-27,8
2026-07-27 08:10:30+00:00,web-portal,INFO,Request completed path=/report in 899ms,req-29602406,False,False,2026-07-27,8
2026-07-27 08:11:10+00:00,notification-worker,INFO,SMS sent uid=u9808,req-83782999,False,False,2026-07-27,8
2026-07-27 08:11:13+00:00,web-portal,WARN,Response time 2100ms path=/report,req-52552488,False,False,2026-07-27,8
2026-07-27 08:17:11+00:00,auth-service,INFO,Token refreshed uid=u4652,req-47463522,False,False,2026-07-27,8
2026-07-27 08:21:55+00:00,batch-report,INFO,Daily report job started,req-47631028,False,False,2026-07-27,8
2026-07-27 08:26:29+00:00,batch-report,WARN,Report row mismatch expected=1127 got=1036,req-63094168,False,False,2026-07-27,8
2026-07-27 08:28:59+00:00,payment-api,INFO,Payment processed txn=t911984 amount=120000,req-29419691,False,False,2026-07-27,8
2026-07-27 08:31:32+00:00,batch-report,INFO,Daily report job finished rows=954,req-98612211,False,False,2026-07-27,8
2026-07-27 08:36:08+00:00,web-portal,INFO,Request completed path=/home in 242ms,req-97980930,False,False,2026-07-27,8
2026-07-27 08:37:14+00:00,notification-worker,INFO,Email sent uid=u5778,req-52688984,False,False,2026-07-27,8
2026-07-27 08:41:06+00:00,auth-service,INFO,User login success uid=u3068,req-59512272,False,False,2026-07-27,8
2026-07-27 08:49:39+00:00,web-portal,WARN,Response time 2100ms path=/report,req-65472370,False,False,2026-07-27,8
2026-07-27 08:52:26+00:00,payment-api,INFO,Balance check ok uid=u8483,req-78214937,False,False,2026-07-27,8
2026-07-27 08:54:37+00:00,batch-report,INFO,Daily report job started,req-28808678,False,False,2026-07-27,8
2026-07-27 09:05:06+00:00,auth-service,INFO,Session created uid=u2684,req-31810617,False,False,2026-07-27,9
2026-07-27 09:07:27+00:00,web-portal,INFO,Request completed path=/home in 168ms,req-22539748,False,False,2026-07-27,9
2026-07-27 09:08:34+00:00,auth-service,INFO,Token refreshed uid=u1832,req-54769200,False,False,2026-07-27,9
2026-07-27 09:11:05+00:00,auth-service,INFO,Token refreshed uid=u2341,req-40094589,False,False,2026-07-27,9
2026-07-27 09:24:22+00:00,auth-service,ERROR,ERR AuthTokenExpired uid=u6576,req-21490777,False,False,2026-07-27,9
2026-07-27 09:34:25+00:00,notification-worker,INFO,Email sent uid=u2262,req-86086168,False,False,2026-07-27,9
2026-07-27 09:39:55+00:00,auth-service,INFO,Session created uid=u1626,req-68571795,False,False,2026-07-27,9
2026-07-27 09:40:03+00:00,web-portal,WARN,Response time 2100ms path=/report,req-94426338,False,False,2026-07-27,9
2026-07-27 09:43:23+00:00,payment-api,INFO,Payment processed txn=t237377 amount=250000,req-13874790,False,False,2026-07-27,9
2026-07-27 09:43:58+00:00,batch-report,INFO,Daily report job finished rows=1035,req-40314047,False,False,2026-07-27,9
2026-07-27 09:49:42+00:00,auth-service,INFO,Token refreshed uid=u4598,req-14308421,False,False,2026-07-27,9
2026-07-27 09:54:05+00:00,notification-worker,INFO,SMS sent uid=u4827,req-24626086,False,False,2026-07-27,9
2026-07-27 09:59:14+00:00,payment-api,INFO,Payment processed txn=t157174 amount=250000,req-23769080,False,False,2026-07-27,9
2026-07-27 10:00:48+00:00,auth-service,INFO,Session created uid=u5012,req-21668732,False,False,2026-07-27,10
2026-07-27 10:06:08+00:00,notification-worker,INFO,Email sent uid=u2369,req-81993070,False,False,2026-07-27,10
2026-07-27 10:07:14+00:00,auth-service,INFO,Token refreshed uid=u8428,req-99949389,False,False,2026-07-27,10
2026-07-27 10:08:29+00:00,auth-service,INFO,User login success uid=u8579,req-97529405,False,False,2026-07-27,10
2026-07-27 10:15:30+00:00,auth-service,INFO,Token refreshed uid=u4450,req-77834855,False,False,2026-07-27,10
2026-07-27 10:15:32+00:00,web-portal,INFO,Request completed path=/report in 205ms,req-28575536,False,False,2026-07-27,10
2026-07-27 10:22:33+00:00,auth-service,INFO,Token refreshed uid=u3584,req-99639081,False,False,2026-07-27,10
2026-07-27 10:25:01+00:00,web-portal,INFO,Request completed path=/home in 711ms,req-59394697,False,False,2026-07-27,10
2026-07-27 10:25:12+00:00,payment-api,INFO,Balance check ok uid=u4770,req-98473848,False,False,2026-07-27,10
2026-07-27 10:33:58+00:00,web-portal,INFO,Request completed path=/home in 294ms,req-87535841,False,False,2026-07-27,10
2026-07-27 10:37:33+00:00,batch-report,INFO,Daily report job started,req-86767229,False,False,2026-07-27,10
2026-07-27 10:42:46+00:00,payment-api,INFO,Payment processed txn=t524045 amount=120000,req-73519947,False,False,2026-07-27,10
2026-07-27 10:43:22+00:00,notification-worker,WARN,Queue depth high depth=2824,req-14346338,False,False,2026-07-27,10
2026-07-27 10:44:56+00:00,payment-api,INFO,Balance check ok uid=u1359,req-91390501,False,False,2026-07-27,10
2026-07-27 10:51:47+00:00,batch-report,INFO,Daily report job started,req-43220503,False,False,2026-07-27,10
2026-07-27 10:52:19+00:00,auth-service,INFO,Token refreshed uid=u7389,req-90967191,False,False,2026-07-27,10
2026-07-27 10:52:49+00:00,notification-worker,INFO,Email sent uid=u5262,req-84618850,False,False,2026-07-27,10
2026-07-27 10:54:00+00:00,auth-service,INFO,Session created uid=u2697,req-30863865,False,False,2026-07-27,10
2026-07-27 10:56:58+00:00,batch-report,INFO,Daily report job started,req-84797762,False,False,2026-07-27,10
2026-07-27 10:57:26+00:00,auth-service,INFO,Session created uid=u7653,req-87844239,False,False,2026-07-27,10
2026-07-27 11:04:22+00:00,web-portal,INFO,Request completed path=/home in 766ms,req-48124318,False,False,2026-07-27,11
2026-07-27 11:11:46+00:00,auth-service,INFO,Token refreshed uid=u4923,req-19289546,False,False,2026-07-27,11
2026-07-27 11:16:02+00:00,web-portal,INFO,Request completed path=/home in 416ms,req-69135982,False,False,2026-07-27,11
2026-07-27 11:16:17+00:00,web-portal,INFO,Request completed path=/home in 872ms,req-22543044,False,False,2026-07-27,11
2026-07-27 11:22:50+00:00,web-portal,INFO,Request completed path=/home in 448ms,req-79119463,False,False,2026-07-27,11
2026-07-27 11:27:02+00:00,notification-worker,INFO,SMS sent uid=u3290,req-90664728,False,False,2026-07-27,11
2026-07-27 11:27:04+00:00,payment-api,INFO,Payment processed txn=t438977 amount=50000,req-10154493,False,False,2026-07-27,11
2026-07-27 11:29:19+00:00,payment-api,INFO,Payment processed txn=t878967 amount=120000,req-47111151,False,False,2026-07-27,11
2026-07-27 11:29:25+00:00,web-portal,INFO,Request completed path=/home in 874ms,req-14915156,False,False,2026-07-27,11
2026-07-27 11:31:07+00:00,auth-service,INFO,Session created uid=u5272,req-96637649,False,False,2026-07-27,11
2026-07-27 11:31:20+00:00,notification-worker,INFO,SMS sent uid=u3162,req-73218512,False,False,2026-07-27,11
2026-07-27 11:37:07+00:00,web-portal,INFO,Request completed path=/home in 313ms,req-22993840,False,False,2026-07-27,11
2026-07-27 11:40:30+00:00,batch-report,INFO,Daily report job finished rows=1003,req-49117508,False,False,2026-07-27,11
2026-07-27 11:42:23+00:00,web-portal,INFO,Request completed path=/home in 103ms,req-21318464,False,False,2026-07-27,11
2026-07-27 11:46:55+00:00,batch-report,INFO,Daily report job finished rows=920,req-54241559,False,False,2026-07-27,11
2026-07-27 11:52:58+00:00,batch-report,INFO,Daily report job finished rows=1030,req-57756170,False,False,2026-07-27,11
2026-07-27 11:55:06+00:00,auth-service,INFO,Token refreshed uid=u4467,req-47346970,False,False,2026-07-27,11
2026-07-27 11:56:47+00:00,payment-api,ERROR,ERR PaymentDeclined txn=t108105 code=51,req-61030579,False,False,2026-07-27,11
2026-07-27 11:57:45+00:00,payment-api,INFO,Payment processed txn=t498468 amount=250000,req-82613940,False,False,2026-07-27,11
2026-07-27 12:01:49+00:00,auth-service,INFO,User login success uid=u2160,req-82374753,False,False,2026-07-27,12
2026-07-27 12:03:36+00:00,web-portal,INFO,Request completed path=/report in 855ms,req-90115852,False,False,2026-07-27,12
2026-07-27 12:04:41+00:00,notification-worker,WARN,Queue depth high depth=1825,req-17993466,False,False,2026-07-27,12
2026-07-27 12:05:44+00:00,batch-report,INFO,Daily report job finished rows=971,req-28270317,False,False,2026-07-27,12
2026-07-27 12:08:33+00:00,payment-api,INFO,Payment processed txn=t232040 amount=120000,req-88703005,False,False,2026-07-27,12
2026-07-27 12:13:40+00:00,auth-service,INFO,Token refreshed uid=u6238,req-30509175,False,False,2026-07-27,12
2026-07-27 12:15:40+00:00,web-portal,INFO,Request completed path=/home in 197ms,req-68743530,False,False,2026-07-27,12
2026-07-27 12:17:50+00:00,notification-worker,INFO,SMS sent uid=u9967,req-16497381,False,False,2026-07-27,12
2026-07-27 12:21:13+00:00,auth-service,INFO,Token refreshed uid=u2790,req-66623995,False,False,2026-07-27,12
2026-07-27 12:29:26+00:00,batch-report,WARN,Report row mismatch expected=1047 got=878,req-23102741,False,False,2026-07-27,12
2026-07-27 12:31:33+00:00,notification-worker,INFO,SMS sent uid=u9231,req-90143600,False,False,2026-07-27,12
2026-07-27 12:33:13+00:00,web-portal,INFO,Request completed path=/home in 830ms,req-27905932,False,False,2026-07-27,12
2026-07-27 12:36:11+00:00,batch-report,INFO,Daily report job finished rows=1191,req-98610233,False,False,2026-07-27,12
2026-07-27 12:38:57+00:00,web-portal,INFO,Request completed path=/report in 347ms,req-58518659,False,False,2026-07-27,12
2026-07-27 12:40:03+00:00,batch-report,ERROR,ERR NullPointer in ReportBuilder step=aggregate,req-92474715,False,False,2026-07-27,12
2026-07-27 12:41:58+00:00,web-portal,WARN,Response time 2100ms path=/report,req-62953249,False,False,2026-07-27,12
2026-07-27 12:47:57+00:00,web-portal,INFO,Request completed path=/report in 669ms,req-20071854,False,False,2026-07-27,12
2026-07-27 12:48:15+00:00,notification-worker,INFO,Email sent uid=u3328,req-33562830,False,False,2026-07-27,12
2026-07-27 12:48:49+00:00,web-portal,INFO,Request completed path=/home in 512ms,req-59491122,False,False,2026-07-27,12
2026-07-27 12:49:36+00:00,web-portal,INFO,Request completed path=/home in 890ms,req-74227366,False,False,2026-07-27,12
2026-07-27 12:55:04+00:00,notification-worker,INFO,SMS sent uid=u3846,req-89398174,False,False,2026-07-27,12
2026-07-27 13:02:35+00:00,payment-api,INFO,Payment processed txn=t717457 amount=250000,req-27013243,False,False,2026-07-27,13
2026-07-27 13:04:19+00:00,batch-report,ERROR,ERR NullPointer in ReportBuilder step=aggregate,req-77838742,False,False,2026-07-27,13
2026-07-27 13:12:17+00:00,payment-api,INFO,Payment processed txn=t818987 amount=250000,req-63437398,False,False,2026-07-27,13
2026-07-27 13:13:39+00:00,web-portal,INFO,Request completed path=/report in 71ms,req-68810561,False,False,2026-07-27,13
2026-07-27 13:19:24+00:00,web-portal,INFO,Request completed path=/report in 623ms,req-84252324,False,False,2026-07-27,13
2026-07-27 13:23:13+00:00,notification-worker,INFO,Email sent uid=u3577,req-40655922,False,False,2026-07-27,13
2026-07-27 13:26:14+00:00,notification-worker,INFO,SMS sent uid=u8449,req-71532017,False,False,2026-07-27,13
2026-07-27 13:34:30+00:00,web-portal,INFO,Request completed path=/report in 833ms,req-17028380,False,False,2026-07-27,13
2026-07-27 13:38:51+00:00,payment-api,INFO,Balance check ok uid=u8056,req-32814819,False,False,2026-07-27,13
2026-07-27 13:41:48+00:00,payment-api,WARN,Slow query 1200ms table=tx_history,req-86181117,False,False,2026-07-27,13
2026-07-27 13:51:43+00:00,batch-report,INFO,Daily report job started,req-18491573,False,False,2026-07-27,13
2026-07-27 13:52:05+00:00,payment-api,WARN,Retry 1/3 calling notification-worker,req-25356396,False,False,2026-07-27,13
2026-07-27 13:53:39+00:00,auth-service,INFO,Token refreshed uid=u8668,req-82070937,False,False,2026-07-27,13
2026-07-27 14:02:58+00:00,notification-worker,INFO,SMS sent uid=u2847,req-11619606,False,False,2026-07-27,14
2026-07-27 14:08:30+00:00,batch-report,INFO,Daily report job started,req-59805178,False,False,2026-07-27,14
2026-07-27 14:12:57+00:00,web-portal,INFO,Request completed path=/home in 422ms,req-57928328,False,False,2026-07-27,14
2026-07-27 14:13:33+00:00,notification-worker,INFO,SMS sent uid=u2083,req-21571285,False,False,2026-07-27,14
2026-07-27 14:20:29+00:00,web-portal,INFO,Request completed path=/home in 611ms,req-36717096,False,False,2026-07-27,14
2026-07-27 14:24:16+00:00,auth-service,INFO,Token refreshed uid=u8517,req-82340307,False,False,2026-07-27,14
2026-07-27 14:26:30+00:00,auth-service,WARN,Slow login 900ms uid=u4249,req-90585882,False,False,2026-07-27,14
2026-07-27 14:29:31+00:00,web-portal,INFO,Request completed path=/report in 295ms,req-76980546,False,False,2026-07-27,14
2026-07-27 14:33:51+00:00,web-portal,INFO,Request completed path=/report in 231ms,req-59304469,False,False,2026-07-27,14
2026-07-27 14:35:05+00:00,notification-worker,INFO,Email sent uid=u7098,req-12925970,False,False,2026-07-27,14
2026-07-27 14:36:21+00:00,auth-service,INFO,Token refreshed uid=u5386,req-97971488,False,False,2026-07-27,14
2026-07-27 14:43:14+00:00,auth-service,INFO,Session created uid=u3704,req-62884503,False,False,2026-07-27,14
2026-07-27 14:51:51+00:00,batch-report,INFO,Daily report job finished rows=1186,req-42342202,False,False,2026-07-27,14
2026-07-27 14:53:46+00:00,batch-report,ERROR,ERR NullPointer in ReportBuilder step=aggregate,req-14142053,False,False,2026-07-27,14
2026-07-27 14:54:25+00:00,web-portal,INFO,Request completed path=/report in 697ms,req-79438885,False,False,2026-07-27,14
2026-07-27 14:57:32+00:00,web-portal,INFO,Request completed path=/home in 494ms,req-41407343,False,False,2026-07-27,14
2026-07-27 14:59:15+00:00,payment-api,INFO,Balance check ok uid=u9117,req-71045700,False,False,2026-07-27,14
2026-07-27 15:00:40+00:00,auth-service,INFO,User login success uid=u1406,req-45810056,False,False,2026-07-27,15
2026-07-27 15:02:07+00:00,web-portal,WARN,Response time 2100ms path=/report,req-79616482,False,False,2026-07-27,15
2026-07-27 15:02:45+00:00,payment-api,INFO,Balance check ok uid=u1888,req-16927215,False,False,2026-07-27,15
2026-07-27 15:03:26+00:00,batch-report,INFO,Daily report job started,req-94019376,False,False,2026-07-27,15
2026-07-27 15:13:39+00:00,batch-report,ERROR,ERR NullPointer in ReportBuilder step=aggregate,req-96605343,False,False,2026-07-27,15
2026-07-27 15:17:49+00:00,auth-service,INFO,User login success uid=u7381,req-10791358,False,False,2026-07-27,15
2026-07-27 15:21:42+00:00,auth-service,INFO,Session created uid=u1520,req-13561597,False,False,2026-07-27,15
2026-07-27 15:23:12+00:00,auth-service,INFO,Session created uid=u6574,req-22448136,False,False,2026-07-27,15
2026-07-27 15:24:20+00:00,batch-report,INFO,Daily report job started,req-81721578,False,False,2026-07-27,15
2026-07-27 15:28:43+00:00,payment-api,INFO,Payment processed txn=t671015 amount=120000,req-29090631,False,False,2026-07-27,15
2026-07-27 15:28:45+00:00,notification-worker,INFO,Email sent uid=u2677,req-56785209,False,False,2026-07-27,15
2026-07-27 15:29:31+00:00,payment-api,INFO,Balance check ok uid=u6419,req-26194158,False,False,2026-07-27,15
2026-07-27 15:32:16+00:00,payment-api,WARN,Retry 1/3 calling notification-worker,req-19010480,False,False,2026-07-27,15
2026-07-27 15:34:19+00:00,batch-report,INFO,Daily report job finished rows=1142,req-28872606,False,False,2026-07-27,15
2026-07-27 15:39:30+00:00,payment-api,WARN,Slow query 1200ms table=tx_history,req-22762205,False,False,2026-07-27,15
2026-07-27 15:41:38+00:00,auth-service,INFO,Session created uid=u6804,req-18135295,False,False,2026-07-27,15
2026-07-27 15:43:23+00:00,batch-report,INFO,Daily report job finished rows=1195,req-43077929,False,False,2026-07-27,15
2026-07-27 15:49:33+00:00,batch-report,INFO,Daily report job started,req-43782566,False,False,2026-07-27,15
2026-07-27 15:56:17+00:00,payment-api,INFO,Balance check ok uid=u2317,req-43603811,False,False,2026-07-27,15
2026-07-27 15:59:09+00:00,notification-worker,INFO,Email sent uid=u2923,req-91907952,False,False,2026-07-27,15
2026-07-27 16:09:13+00:00,payment-api,INFO,Payment processed txn=t827712 amount=250000,req-49375156,False,False,2026-07-27,16
2026-07-27 16:13:49+00:00,batch-report,WARN,Report row mismatch expected=1147 got=1001,req-30232642,False,False,2026-07-27,16
2026-07-27 16:14:06+00:00,auth-service,INFO,Session created uid=u3607,req-95585469,False,False,2026-07-27,16
2026-07-27 16:15:40+00:00,notification-worker,ERROR,ERR SMTPConnRefused host=mail-gw,req-44448045,False,False,2026-07-27,16
2026-07-27 16:19:50+00:00,batch-report,INFO,Daily report job finished rows=1138,req-27849589,False,False,2026-07-27,16
2026-07-27 16:22:52+00:00,web-portal,INFO,Request completed path=/home in 821ms,req-81062902,False,False,2026-07-27,16
2026-07-27 16:26:17+00:00,auth-service,INFO,Session created uid=u2982,req-84346088,False,False,2026-07-27,16
2026-07-27 16:27:13+00:00,notification-worker,INFO,Email sent uid=u6051,req-90973889,False,False,2026-07-27,16
2026-07-27 16:27:25+00:00,payment-api,INFO,Payment processed txn=t332311 amount=50000,req-71477426,False,False,2026-07-27,16
2026-07-27 16:28:23+00:00,batch-report,WARN,Report row mismatch expected=1163 got=758,req-56047142,False,False,2026-07-27,16
2026-07-27 16:30:59+00:00,payment-api,INFO,Balance check ok uid=u7078,req-65684858,False,False,2026-07-27,16
2026-07-27 16:34:42+00:00,payment-api,INFO,Balance check ok uid=u6272,req-15858241,False,False,2026-07-27,16
2026-07-27 16:38:49+00:00,auth-service,INFO,Token refreshed uid=u6180,req-23419256,False,False,2026-07-27,16
2026-07-27 16:43:56+00:00,payment-api,INFO,Balance check ok uid=u5183,req-83363160,False,False,2026-07-27,16
2026-07-27 16:46:41+00:00,batch-report,INFO,Daily report job finished rows=871,req-75540707,False,False,2026-07-27,16
2026-07-27 16:58:32+00:00,batch-report,INFO,Daily report job finished rows=933,req-76743428,False,False,2026-07-27,16
2026-07-27 17:01:03+00:00,web-portal,INFO,Request completed path=/report in 107ms,req-80557676,False,False,2026-07-27,17
2026-07-27 17:11:15+00:00,batch-report,INFO,Daily report job started,req-60259293,False,False,2026-07-27,17
2026-07-27 17:11:58+00:00,web-portal,WARN,Response time 2100ms path=/report,req-64614193,False,False,2026-07-27,17
2026-07-27 17:13:13+00:00,payment-api,INFO,Balance check ok uid=u7246,req-89212676,False,False,2026-07-27,17
2026-07-27 17:23:00+00:00,web-portal,ERROR,ERR HTTP 502 upstream=payment-api path=/checkout,req-22007214,False,False,2026-07-27,17
2026-07-27 17:26:33+00:00,web-portal,WARN,Response time 2100ms path=/report,req-24660143,False,False,2026-07-27,17
2026-07-27 17:40:56+00:00,payment-api,ERROR,ERR PaymentDeclined txn=t534303 code=51,req-56328316,False,False,2026-07-27,17
2026-07-27 17:46:33+00:00,auth-service,INFO,User login success uid=u4595,req-99774697,False,False,2026-07-27,17
2026-07-27 17:48:59+00:00,payment-api,INFO,Payment processed txn=t393328 amount=50000,req-69686067,False,False,2026-07-27,17
2026-07-27 17:49:17+00:00,batch-report,ERROR,ERR NullPointer in ReportBuilder step=aggregate,req-88786439,False,False,2026-07-27,17
2026-07-27 18:09:50+00:00,notification-worker,INFO,SMS sent uid=u7750,req-28419506,False,False,2026-07-27,18
2026-07-27 18:12:26+00:00,web-portal,INFO,Request completed path=/report in 180ms,req-79703656,False,False,2026-07-27,18
2026-07-27 18:13:59+00:00,batch-report,INFO,Daily report job started,req-55713584,False,False,2026-07-27,18
2026-07-27 18:24:07+00:00,notification-worker,INFO,Email sent uid=u3187,req-68382413,False,False,2026-07-27,18
2026-07-27 18:24:09+00:00,web-portal,INFO,Request completed path=/report in 637ms,req-47763008,False,False,2026-07-27,18
2026-07-27 18:30:48+00:00,web-portal,INFO,Request completed path=/report in 356ms,req-55866538,False,False,2026-07-27,18
2026-07-27 18:34:55+00:00,batch-report,INFO,Daily report job started,req-71310453,False,False,2026-07-27,18
2026-07-27 18:37:13+00:00,auth-service,INFO,Session created uid=u2894,req-10226999,False,False,2026-07-27,18
2026-07-27 18:43:45+00:00,notification-worker,INFO,SMS sent uid=u2560,req-27809465,False,False,2026-07-27,18
2026-07-27 18:58:47+00:00,auth-service,INFO,Token refreshed uid=u8939,req-41473195,False,False,2026-07-27,18
2026-07-27 19:01:34+00:00,payment-api,INFO,Payment processed txn=t572398 amount=990000,req-86320155,False,False,2026-07-27,19
2026-07-27 19:09:15+00:00,payment-api,INFO,Balance check ok uid=u2862,req-78885632,False,False,2026-07-27,19
2026-07-27 19:13:48+00:00,batch-report,INFO,Daily report job finished rows=1080,req-37133023,False,False,2026-07-27,19
2026-07-27 19:22:47+00:00,notification-worker,INFO,SMS sent uid=u5605,req-86871268,False,False,2026-07-27,19
2026-07-27 19:29:03+00:00,web-portal,ERROR,ERR HTTP 502 upstream=payment-api path=/checkout,req-63283709,False,False,2026-07-27,19
2026-07-27 19:30:06+00:00,batch-report,INFO,Daily report job started,req-15307982,False,False,2026-07-27,19
2026-07-27 19:34:13+00:00,batch-report,INFO,Daily report job finished rows=1186,req-80532309,False,False,2026-07-27,19
2026-07-27 19:34:28+00:00,auth-service,INFO,User login success uid=u4492,req-42787299,False,False,2026-07-27,19
2026-07-27 19:36:15+00:00,auth-service,INFO,Session created uid=u4228,req-93638503,False,False,2026-07-27,19
2026-07-27 19:40:07+00:00,payment-api,INFO,Payment processed txn=t937302 amount=120000,req-27690330,False,False,2026-07-27,19
2026-07-27 19:43:01+00:00,notification-worker,INFO,Email sent uid=u6675,req-51273379,False,False,2026-07-27,19
2026-07-27 19:44:18+00:00,batch-report,INFO,Daily report job started,req-10856822,False,False,2026-07-27,19
2026-07-27 19:44:26+00:00,auth-service,INFO,Session created uid=u1998,req-77491435,False,False,2026-07-27,19
2026-07-27 19:47:36+00:00,batch-report,INFO,Daily report job finished rows=1074,req-24679315,False,False,2026-07-27,19
2026-07-27 19:53:21+00:00,web-portal,WARN,Response time 2100ms path=/report,req-47447604,False,False,2026-07-27,19
2026-07-27 20:07:45+00:00,notification-worker,INFO,Email sent uid=u7870,req-46407626,False,False,2026-07-27,20
2026-07-27 20:12:13+00:00,batch-report,ERROR,ERR NullPointer in ReportBuilder step=aggregate,req-93135800,False,False,2026-07-27,20
2026-07-27 20:12:48+00:00,payment-api,INFO,Balance check ok uid=u4937,req-12314351,False,False,2026-07-27,20
2026-07-27 20:14:05+00:00,auth-service,INFO,Token refreshed uid=u8973,req-87736262,False,False,2026-07-27,20
2026-07-27 20:14:16+00:00,batch-report,INFO,Daily report job finished rows=1143,req-52779814,False,False,2026-07-27,20
2026-07-27 20:17:40+00:00,auth-service,INFO,User login success uid=u5082,req-99600766,False,False,2026-07-27,20
2026-07-27 20:20:42+00:00,batch-report,INFO,Daily report job started,req-10404729,False,False,2026-07-27,20
2026-07-27 20:20:59+00:00,auth-service,INFO,Session created uid=u6198,req-67276174,False,False,2026-07-27,20
2026-07-27 20:25:16+00:00,web-portal,WARN,Response time 2100ms path=/report,req-71694994,False,False,2026-07-27,20
2026-07-27 20:25:26+00:00,payment-api,WARN,Retry 1/3 calling notification-worker,req-55610493,False,False,2026-07-27,20
2026-07-27 20:26:59+00:00,web-portal,INFO,Request completed path=/report in 760ms,req-75927774,False,False,2026-07-27,20
2026-07-27 20:29:32+00:00,payment-api,INFO,Payment processed txn=t189318 amount=120000,req-91378577,False,False,2026-07-27,20
2026-07-27 20:32:55+00:00,auth-service,INFO,Session created uid=u1444,req-44917589,False,False,2026-07-27,20
2026-07-27 20:36:17+00:00,auth-service,WARN,Slow login 900ms uid=u1672,req-96911784,False,False,2026-07-27,20
2026-07-27 20:44:43+00:00,batch-report,INFO,Daily report job finished rows=1190,req-96126771,False,False,2026-07-27,20
2026-07-27 20:44:51+00:00,auth-service,ERROR,ERR AuthTokenExpired uid=u7209,req-38470244,False,False,2026-07-27,20
2026-07-27 20:47:27+00:00,auth-service,INFO,User login success uid=u8744,req-23009833,False,False,2026-07-27,20
2026-07-27 20:48:32+00:00,notification-worker,INFO,Email sent uid=u7108,req-16164431,False,False,2026-07-27,20
2026-07-27 20:51:06+00:00,notification-worker,INFO,Email sent uid=u2871,req-83330295,False,False,2026-07-27,20
2026-07-27 20:52:36+00:00,web-portal,INFO,Request completed path=/report in 336ms,req-53589647,False,False,2026-07-27,20
2026-07-27 20:54:03+00:00,payment-api,INFO,Payment processed txn=t592198 amount=990000,req-43887075,False,False,2026-07-27,20
2026-07-27 20:58:01+00:00,batch-report,INFO,Daily report job finished rows=1001,req-85678734,False,False,2026-07-27,20
2026-07-27 21:03:20+00:00,batch-report,INFO,Daily report job started,req-18087373,False,False,2026-07-27,21
2026-07-27 21:12:24+00:00,batch-report,INFO,Daily report job finished rows=920,req-72464258,False,False,2026-07-27,21
2026-07-27 21:17:02+00:00,auth-service,INFO,Token refreshed uid=u8019,req-76238574,False,False,2026-07-27,21
2026-07-27 21:20:10+00:00,notification-worker,WARN,Queue depth high depth=1145,req-68635481,False,False,2026-07-27,21
2026-07-27 21:21:09+00:00,payment-api,WARN,Slow query 1200ms table=tx_history,req-16904975,False,False,2026-07-27,21
2026-07-27 21:22:11+00:00,payment-api,INFO,Balance check ok uid=u9022,req-84077101,False,False,2026-07-27,21
2026-07-27 21:25:28+00:00,auth-service,INFO,User login success uid=u4608,req-19046318,False,False,2026-07-27,21
2026-07-27 21:26:24+00:00,web-portal,INFO,Request completed path=/report in 445ms,req-39738898,False,False,2026-07-27,21
2026-07-27 21:32:49+00:00,web-portal,INFO,Request completed path=/home in 617ms,req-20901547,False,False,2026-07-27,21
2026-07-27 21:33:44+00:00,batch-report,INFO,Daily report job started,req-68848427,False,False,2026-07-27,21
2026-07-27 21:34:16+00:00,auth-service,WARN,Slow login 900ms uid=u5397,req-42730796,False,False,2026-07-27,21
2026-07-27 21:37:00+00:00,web-portal,INFO,Request completed path=/report in 765ms,req-12232974,False,False,2026-07-27,21
2026-07-27 21:45:17+00:00,web-portal,INFO,Request completed path=/report in 150ms,req-59093843,False,False,2026-07-27,21
2026-07-27 21:49:14+00:00,payment-api,ERROR,ERR PaymentDeclined txn=t108060 code=51,req-44295247,False,False,2026-07-27,21
2026-07-27 21:51:36+00:00,payment-api,WARN,Retry 1/3 calling notification-worker,req-98145654,False,False,2026-07-27,21
2026-07-27 21:55:56+00:00,notification-worker,WARN,Queue depth high depth=2532,req-28876833,False,False,2026-07-27,21
2026-07-27 22:03:35+00:00,auth-service,WARN,Slow login 900ms uid=u2876,req-51870192,False,False,2026-07-27,22
2026-07-27 22:11:45+00:00,payment-api,INFO,Payment processed txn=t899787 amount=120000,req-31079846,False,False,2026-07-27,22
2026-07-27 22:13:15+00:00,notification-worker,INFO,Email sent uid=u3688,req-65258766,False,False,2026-07-27,22
2026-07-27 22:21:32+00:00,batch-report,WARN,Report row mismatch expected=802 got=1060,req-37619925,False,False,2026-07-27,22
2026-07-27 22:23:19+00:00,batch-report,INFO,Daily report job finished rows=851,req-69920305,False,False,2026-07-27,22
2026-07-27 22:28:51+00:00,payment-api,INFO,Payment processed txn=t346174 amount=250000,req-23212812,False,False,2026-07-27,22
2026-07-27 22:29:40+00:00,batch-report,INFO,Daily report job started,req-65208920,False,False,2026-07-27,22
2026-07-27 22:30:18+00:00,web-portal,INFO,Request completed path=/home in 130ms,req-42657384,False,False,2026-07-27,22
2026-07-27 22:45:24+00:00,batch-report,INFO,Daily report job started,req-10908300,False,False,2026-07-27,22
2026-07-27 22:51:28+00:00,notification-worker,INFO,SMS sent uid=u7786,req-64069715,False,False,2026-07-27,22
2026-07-27 22:52:25+00:00,payment-api,INFO,Payment processed txn=t757937 amount=50000,req-58970845,False,False,2026-07-27,22
2026-07-27 22:53:08+00:00,notification-worker,INFO,SMS sent uid=u9209,req-95971459,False,False,2026-07-27,22
2026-07-27 22:55:44+00:00,auth-service,INFO,Token refreshed uid=u4185,req-98054615,False,False,2026-07-27,22
2026-07-27 23:11:47+00:00,auth-service,INFO,User login success uid=u5291,req-11297845,False,False,2026-07-27,23
2026-07-27 23:14:55+00:00,payment-api,INFO,Balance check ok uid=u7086,req-54024257,False,False,2026-07-27,23
2026-07-27 23:20:12+00:00,auth-service,INFO,Token refreshed uid=u6573,req-45351479,False,False,2026-07-27,23
2026-07-27 23:21:16+00:00,web-portal,INFO,Request completed path=/home in 825ms,req-76845536,False,False,2026-07-27,23
2026-07-27 23:21:20+00:00,auth-service,INFO,Token refreshed uid=u9346,req-33966966,False,False,2026-07-27,23
2026-07-27 23:22:16+00:00,web-portal,INFO,Request completed path=/report in 864ms,req-70873663,False,False,2026-07-27,23
2026-07-27 23:34:49+00:00,payment-api,INFO,Payment processed txn=t766269 amount=990000,req-25659979,False,False,2026-07-27,23
2026-07-27 23:35:39+00:00,auth-service,INFO,Token refreshed uid=u2169,req-72043515,False,False,2026-07-27,23
2026-07-27 23:37:34+00:00,notification-worker,INFO,SMS sent uid=u3711,req-67610401,False,False,2026-07-27,23
2026-07-27 23:38:09+00:00,notification-worker,WARN,Queue depth high depth=1218,req-60785855,False,False,2026-07-27,23
2026-07-27 23:43:39+00:00,batch-report,UNKNOWN,Heartbeat ok,req-41470269,True,False,2026-07-27,23
2026-07-27 23:50:13+00:00,auth-service,INFO,Session created uid=u6279,req-73509974,False,False,2026-07-27,23
2026-07-27 23:56:33+00:00,batch-report,INFO,Daily report job started,req-54506155,False,False,2026-07-27,23
2026-07-27 23:57:02+00:00,auth-service,UNKNOWN,Heartbeat ok,req-99461443,True,False,2026-07-27,23
2026-07-28 00:04:47+00:00,auth-service,ERROR,ERR AuthTokenExpired uid=u6592,req-16144233,False,False,2026-07-28,0
2026-07-28 00:07:13+00:00,notification-worker,INFO,Email sent uid=u7298,req-54753520,False,False,2026-07-28,0
2026-07-28 00:09:00+00:00,auth-service,INFO,User login success uid=u5076,req-77556678,False,False,2026-07-28,0
2026-07-28 00:14:20+00:00,web-portal,WARN,Response time 2100ms path=/report,req-84311410,False,False,2026-07-28,0
2026-07-28 00:26:40+00:00,batch-report,INFO,Daily report job finished rows=802,req-41927492,False,False,2026-07-28,0
2026-07-28 00:27:00+00:00,auth-service,INFO,Token refreshed uid=u9561,req-86046949,False,False,2026-07-28,0
2026-07-28 00:31:22+00:00,notification-worker,INFO,Email sent uid=u3822,req-89328380,False,False,2026-07-28,0
2026-07-28 00:36:53+00:00,payment-api,INFO,Balance check ok uid=u7381,req-88598977,False,False,2026-07-28,0
2026-07-28 00:41:46+00:00,auth-service,INFO,Token refreshed uid=u4742,req-77730769,False,False,2026-07-28,0
2026-07-28 01:08:07+00:00,batch-report,ERROR,ERR NullPointer in ReportBuilder step=aggregate,req-64496780,False,False,2026-07-28,1
2026-07-28 01:09:19+00:00,web-portal,INFO,Request completed path=/report in 97ms,req-19581091,False,False,2026-07-28,1
2026-07-28 01:10:24+00:00,batch-report,INFO,Daily report job started,req-37455861,False,False,2026-07-28,1
2026-07-28 01:13:05+00:00,notification-worker,INFO,SMS sent uid=u1620,req-74630252,False,False,2026-07-28,1
2026-07-28 01:17:40+00:00,batch-report,INFO,Daily report job finished rows=1035,req-54977656,False,False,2026-07-28,1
2026-07-28 01:20:13+00:00,batch-report,INFO,Daily report job finished rows=1095,req-50056146,False,False,2026-07-28,1
2026-07-28 01:20:33+00:00,notification-worker,INFO,Email sent uid=u3319,req-97078639,False,False,2026-07-28,1
2026-07-28 01:21:38+00:00,web-portal,WARN,Response time 2100ms path=/report,req-65904597,False,False,2026-07-28,1
2026-07-28 01:22:24+00:00,auth-service,INFO,User login success uid=u9745,req-35578773,False,False,2026-07-28,1
2026-07-28 01:25:44+00:00,batch-report,INFO,Daily report job finished rows=949,req-50876565,False,False,2026-07-28,1
2026-07-28 01:27:10+00:00,payment-api,INFO,Payment processed txn=t208239 amount=250000,req-83061428,False,False,2026-07-28,1
2026-07-28 01:27:15+00:00,payment-api,INFO,Payment processed txn=t438302 amount=50000,req-75840632,False,False,2026-07-28,1
2026-07-28 01:33:13+00:00,auth-service,INFO,User login success uid=u7936,req-44612921,False,False,2026-07-28,1
2026-07-28 01:35:37+00:00,web-portal,INFO,Request completed path=/home in 246ms,req-23254482,False,False,2026-07-28,1
2026-07-28 01:35:54+00:00,batch-report,INFO,Daily report job finished rows=874,req-66315301,False,False,2026-07-28,1
2026-07-28 01:50:13+00:00,batch-report,INFO,Daily report job finished rows=1018,req-90010054,False,False,2026-07-28,1
2026-07-28 01:54:35+00:00,notification-worker,INFO,Email sent uid=u9804,req-25577992,False,False,2026-07-28,1
2026-07-28 01:56:59+00:00,auth-service,INFO,User login success uid=u2659,req-82494408,False,False,2026-07-28,1
2026-07-28 01:58:01+00:00,notification-worker,INFO,Email sent uid=u6966,req-15813974,False,False,2026-07-28,1
2026-07-28 01:58:40+00:00,notification-worker,INFO,SMS sent uid=u5331,req-73918769,False,False,2026-07-28,1
2026-07-28 01:59:04+00:00,auth-service,INFO,User login success uid=u6911,req-74468586,False,False,2026-07-28,1
2026-07-28 02:02:47+00:00,auth-service,INFO,Token refreshed uid=u9442,req-64141437,False,False,2026-07-28,2
2026-07-28 02:10:34+00:00,web-portal,INFO,Request completed path=/home in 758ms,req-26888275,False,False,2026-07-28,2
2026-07-28 02:11:12+00:00,notification-worker,INFO,SMS sent uid=u5230,req-36933352,False,False,2026-07-28,2
2026-07-28 02:14:10+00:00,notification-worker,INFO,SMS sent uid=u8752,req-93794410,False,False,2026-07-28,2
2026-07-28 02:19:59+00:00,payment-api,WARN,Slow query 1200ms table=tx_history,req-63773642,False,False,2026-07-28,2
2026-07-28 02:25:29+00:00,batch-report,INFO,Daily report job started,req-12560649,False,False,2026-07-28,2
2026-07-28 02:26:23+00:00,auth-service,INFO,Token refreshed uid=u2425,req-79751366,False,False,2026-07-28,2
2026-07-28 02:30:27+00:00,web-portal,INFO,Request completed path=/home in 342ms,req-70945449,False,False,2026-07-28,2
2026-07-28 02:35:34+00:00,auth-service,INFO,Session created uid=u8736,req-65446317,False,False,2026-07-28,2
2026-07-28 02:38:34+00:00,payment-api,INFO,Payment processed txn=t627262 amount=50000,req-21610534,False,False,2026-07-28,2
2026-07-28 02:39:12+00:00,payment-api,INFO,Balance check ok uid=u6207,req-31390345,False,False,2026-07-28,2
2026-07-28 02:40:37+00:00,notification-worker,INFO,Email sent uid=u8716,req-91796786,False,False,2026-07-28,2
2026-07-28 02:52:49+00:00,web-portal,INFO,Request completed path=/home in 361ms,req-45899536,False,False,2026-07-28,2
2026-07-28 03:08:54+00:00,notification-worker,INFO,Email sent uid=u7745,req-47469681,False,False,2026-07-28,3
2026-07-28 03:11:35+00:00,batch-report,INFO,Daily report job finished rows=882,req-92019078,False,False,2026-07-28,3
2026-07-28 03:15:04+00:00,auth-service,INFO,Session created uid=u4641,req-59886371,False,False,2026-07-28,3
2026-07-28 03:15:28+00:00,web-portal,INFO,Request completed path=/report in 133ms,req-93903841,False,False,2026-07-28,3
2026-07-28 03:25:58+00:00,web-portal,WARN,Response time 2100ms path=/report,req-88135616,False,False,2026-07-28,3
2026-07-28 03:27:31+00:00,auth-service,WARN,Slow login 900ms uid=u1751,req-57986515,False,False,2026-07-28,3
2026-07-28 03:29:37+00:00,payment-api,INFO,Payment processed txn=t910883 amount=50000,req-66936428,False,False,2026-07-28,3
2026-07-28 03:31:52+00:00,auth-service,INFO,User login success uid=u1421,req-25503345,False,False,2026-07-28,3
2026-07-28 03:32:41+00:00,notification-worker,INFO,Email sent uid=u9704,req-54958564,False,False,2026-07-28,3
2026-07-28 03:33:13+00:00,auth-service,INFO,Token refreshed uid=u8713,req-55047826,False,False,2026-07-28,3
2026-07-28 03:34:31+00:00,payment-api,INFO,Balance check ok uid=u4234,req-23427820,False,False,2026-07-28,3
2026-07-28 03:34:33+00:00,auth-service,INFO,Session created uid=u4734,req-46160937,False,False,2026-07-28,3
2026-07-28 03:41:07+00:00,web-portal,INFO,Request completed path=/home in 234ms,req-86507818,False,False,2026-07-28,3
2026-07-28 03:43:52+00:00,payment-api,INFO,Balance check ok uid=u4675,req-99186817,False,False,2026-07-28,3
2026-07-28 03:47:02+00:00,web-portal,INFO,Request completed path=/home in 126ms,req-51523026,False,False,2026-07-28,3
2026-07-28 03:47:24+00:00,web-portal,INFO,Request completed path=/report in 603ms,req-98252435,False,False,2026-07-28,3
2026-07-28 03:48:46+00:00,auth-service,INFO,Token refreshed uid=u2215,req-83423305,False,False,2026-07-28,3
2026-07-28 03:49:11+00:00,auth-service,INFO,Token refreshed uid=u9381,req-76805406,False,False,2026-07-28,3
2026-07-28 03:52:17+00:00,notification-worker,INFO,Email sent uid=u2870,req-63956682,False,False,2026-07-28,3
2026-07-28 03:53:14+00:00,batch-report,INFO,Daily report job started,req-91282861,False,False,2026-07-28,3
2026-07-28 03:53:39+00:00,payment-api,INFO,Balance check ok uid=u5166,req-38935933,False,False,2026-07-28,3
2026-07-28 03:56:09+00:00,auth-service,INFO,Token refreshed uid=u8892,req-45050544,False,False,2026-07-28,3
2026-07-28 04:06:41+00:00,web-portal,INFO,Request completed path=/home in 372ms,req-88476684,False,False,2026-07-28,4
2026-07-28 04:06:42+00:00,auth-service,WARN,Slow login 900ms uid=u7738,req-11658959,False,False,2026-07-28,4
2026-07-28 04:06:58+00:00,auth-service,WARN,Slow login 900ms uid=u3171,req-74783521,False,False,2026-07-28,4
2026-07-28 04:10:36+00:00,payment-api,INFO,Payment processed txn=t567315 amount=120000,req-15352233,False,False,2026-07-28,4
2026-07-28 04:17:00+00:00,batch-report,INFO,Daily report job finished rows=858,req-78996054,False,False,2026-07-28,4
2026-07-28 04:18:13+00:00,batch-report,INFO,Daily report job started,req-65571661,False,False,2026-07-28,4
2026-07-28 04:22:05+00:00,notification-worker,INFO,Email sent uid=u2415,req-34799223,False,False,2026-07-28,4
2026-07-28 04:23:53+00:00,notification-worker,INFO,SMS sent uid=u9943,req-89602555,False,False,2026-07-28,4
2026-07-28 04:29:03+00:00,auth-service,INFO,User login success uid=u7006,req-93635734,False,False,2026-07-28,4
2026-07-28 04:29:12+00:00,payment-api,INFO,Payment processed txn=t105274 amount=990000,req-50894954,False,False,2026-07-28,4
2026-07-28 04:49:54+00:00,notification-worker,INFO,Email sent uid=u6872,req-99796439,False,False,2026-07-28,4
2026-07-28 04:54:18+00:00,payment-api,INFO,Payment processed txn=t141094 amount=120000,req-79342339,False,False,2026-07-28,4
2026-07-28 05:02:21+00:00,notification-worker,WARN,Queue depth high depth=2876,req-38158070,False,False,2026-07-28,5
2026-07-28 05:10:23+00:00,notification-worker,INFO,Email sent uid=u9624,req-91882291,False,False,2026-07-28,5
2026-07-28 05:17:28+00:00,payment-api,INFO,Balance check ok uid=u1869,req-48468887,False,False,2026-07-28,5
2026-07-28 05:19:52+00:00,payment-api,INFO,Balance check ok uid=u2016,req-58141541,False,False,2026-07-28,5
2026-07-28 05:29:10+00:00,web-portal,INFO,Request completed path=/home in 390ms,req-59848072,False,False,2026-07-28,5
2026-07-28 05:29:22+00:00,auth-service,INFO,User login success uid=u3250,req-29223220,False,False,2026-07-28,5
2026-07-28 05:53:27+00:00,notification-worker,WARN,Queue depth high depth=1067,req-64406548,False,False,2026-07-28,5
2026-07-28 06:06:23+00:00,payment-api,INFO,Balance check ok uid=u6614,req-24572034,False,False,2026-07-28,6
2026-07-28 06:12:36+00:00,payment-api,INFO,Balance check ok uid=u4594,req-34412077,False,False,2026-07-28,6
2026-07-28 06:13:59+00:00,notification-worker,INFO,SMS sent uid=u6629,req-87594146,False,False,2026-07-28,6
2026-07-28 06:14:09+00:00,batch-report,INFO,Daily report job started,req-13891332,False,False,2026-07-28,6
2026-07-28 06:21:18+00:00,notification-worker,INFO,Email sent uid=u1616,req-94180238,False,False,2026-07-28,6
2026-07-28 06:25:48+00:00,web-portal,INFO,Request completed path=/home in 685ms,req-75313057,False,False,2026-07-28,6
2026-07-28 06:26:49+00:00,batch-report,INFO,Daily report job started,req-43122766,False,False,2026-07-28,6
2026-07-28 06:27:35+00:00,payment-api,INFO,Balance check ok uid=u2220,req-15453834,False,False,2026-07-28,6
2026-07-28 06:28:58+00:00,notification-worker,INFO,SMS sent uid=u7346,req-46197787,False,False,2026-07-28,6
2026-07-28 06:29:48+00:00,notification-worker,INFO,SMS sent uid=u9061,req-92405160,False,False,2026-07-28,6
2026-07-28 06:33:59+00:00,auth-service,INFO,Token refreshed uid=u2324,req-10632635,False,False,2026-07-28,6
2026-07-28 06:35:58+00:00,auth-service,WARN,Slow login 900ms uid=u7221,req-74837853,False,False,2026-07-28,6
2026-07-28 06:36:10+00:00,payment-api,INFO,Payment processed txn=t992744 amount=990000,req-19041276,False,False,2026-07-28,6
2026-07-28 06:36:43+00:00,web-portal,INFO,Request completed path=/report in 876ms,req-26369402,False,False,2026-07-28,6
2026-07-28 06:39:17+00:00,web-portal,INFO,Request completed path=/report in 280ms,req-37753358,False,False,2026-07-28,6
2026-07-28 06:41:42+00:00,web-portal,INFO,Request completed path=/home in 717ms,req-38262427,False,False,2026-07-28,6
2026-07-28 06:42:31+00:00,notification-worker,INFO,Email sent uid=u5150,req-47095573,False,False,2026-07-28,6
2026-07-28 06:46:11+00:00,web-portal,INFO,Request completed path=/home in 168ms,req-41247296,False,False,2026-07-28,6
2026-07-28 06:47:14+00:00,batch-report,INFO,Daily report job started,req-43204410,False,False,2026-07-28,6
2026-07-28 06:51:56+00:00,web-portal,INFO,Request completed path=/report in 444ms,req-60782359,False,False,2026-07-28,6
2026-07-28 06:54:34+00:00,web-portal,INFO,Request completed path=/report in 371ms,req-90353461,False,False,2026-07-28,6
2026-07-28 06:56:19+00:00,payment-api,INFO,Balance check ok uid=u6536,req-26538199,False,False,2026-07-28,6
2026-07-28 07:01:47+00:00,notification-worker,INFO,SMS sent uid=u1557,req-90448089,False,False,2026-07-28,7
2026-07-28 07:01:49+00:00,notification-worker,INFO,Email sent uid=u1415,req-96356711,False,False,2026-07-28,7
2026-07-28 07:03:11+00:00,notification-worker,INFO,Email sent uid=u2846,req-31442569,False,False,2026-07-28,7
2026-07-28 07:05:25+00:00,payment-api,ERROR,ERR PaymentDeclined txn=t922041 code=51,req-58283485,False,False,2026-07-28,7
2026-07-28 07:22:02+00:00,payment-api,INFO,Payment processed txn=t628859 amount=990000,req-33813202,False,False,2026-07-28,7
2026-07-28 07:22:57+00:00,web-portal,INFO,Request completed path=/home in 199ms,req-20534423,False,False,2026-07-28,7
2026-07-28 07:26:12+00:00,notification-worker,ERROR,ERR SMTPConnRefused host=mail-gw,req-27720413,False,False,2026-07-28,7
2026-07-28 07:29:05+00:00,payment-api,INFO,Payment processed txn=t969005 amount=990000,req-13188066,False,False,2026-07-28,7
2026-07-28 07:31:16+00:00,batch-report,INFO,Daily report job started,req-87052108,False,False,2026-07-28,7
2026-07-28 07:34:57+00:00,batch-report,INFO,Daily report job started,req-55520266,False,False,2026-07-28,7
2026-07-28 08:05:09+00:00,web-portal,WARN,Response time 2100ms path=/report,req-73868130,False,False,2026-07-28,8
2026-07-28 08:08:49+00:00,auth-service,INFO,User login success uid=u5135,req-66882385,False,False,2026-07-28,8
2026-07-28 08:08:53+00:00,batch-report,INFO,Daily report job started,req-53588695,False,False,2026-07-28,8
2026-07-28 08:12:43+00:00,payment-api,INFO,Balance check ok uid=u7025,req-49483865,False,False,2026-07-28,8
2026-07-28 08:12:47+00:00,batch-report,INFO,Daily report job finished rows=870,req-79889565,False,False,2026-07-28,8
2026-07-28 08:15:16+00:00,web-portal,WARN,Response time 2100ms path=/report,req-52857940,False,False,2026-07-28,8
2026-07-28 08:17:00+00:00,auth-service,INFO,Session created uid=u1999,req-73729850,False,False,2026-07-28,8
2026-07-28 08:22:25+00:00,payment-api,INFO,Payment processed txn=t639535 amount=250000,req-58616740,False,False,2026-07-28,8
2026-07-28 08:23:11+00:00,payment-api,INFO,Payment processed txn=t950576 amount=250000,req-74293132,False,False,2026-07-28,8
2026-07-28 08:28:17+00:00,web-portal,INFO,Request completed path=/report in 864ms,req-12865928,False,False,2026-07-28,8
2026-07-28 08:28:59+00:00,web-portal,WARN,Response time 2100ms path=/report,req-39183937,False,False,2026-07-28,8
2026-07-28 08:31:13+00:00,payment-api,INFO,Balance check ok uid=u1701,req-71021210,False,False,2026-07-28,8
2026-07-28 08:32:17+00:00,auth-service,INFO,Token refreshed uid=u1044,req-30017834,False,False,2026-07-28,8
2026-07-28 08:34:01+00:00,notification-worker,INFO,Email sent uid=u8287,req-40878564,False,False,2026-07-28,8
2026-07-28 08:34:46+00:00,auth-service,INFO,Session created uid=u8803,req-86667841,False,False,2026-07-28,8
2026-07-28 08:35:07+00:00,web-portal,INFO,Request completed path=/report in 240ms,req-73483243,False,False,2026-07-28,8
2026-07-28 08:35:59+00:00,batch-report,INFO,Daily report job finished rows=931,req-13954845,False,False,2026-07-28,8
2026-07-28 08:49:20+00:00,web-portal,ERROR,ERR HTTP 502 upstream=payment-api path=/checkout,req-22025190,False,False,2026-07-28,8
2026-07-28 08:55:42+00:00,notification-worker,INFO,Email sent uid=u8740,req-51943002,False,False,2026-07-28,8
2026-07-28 09:00:26+00:00,web-portal,INFO,Request completed path=/home in 174ms,req-13834774,False,False,2026-07-28,9
2026-07-28 09:06:18+00:00,batch-report,INFO,Daily report job started,req-25322958,False,False,2026-07-28,9
2026-07-28 09:08:15+00:00,web-portal,INFO,Request completed path=/report in 747ms,req-44130183,False,False,2026-07-28,9
2026-07-28 09:13:22+00:00,web-portal,INFO,Request completed path=/home in 243ms,req-99482259,False,False,2026-07-28,9
2026-07-28 09:34:29+00:00,web-portal,INFO,Request completed path=/home in 569ms,req-48208680,False,False,2026-07-28,9
2026-07-28 09:37:00+00:00,auth-service,INFO,Token refreshed uid=u7275,req-33112256,False,False,2026-07-28,9
2026-07-28 09:43:27+00:00,notification-worker,INFO,SMS sent uid=u2610,req-89017236,False,False,2026-07-28,9
2026-07-28 09:46:40+00:00,auth-service,INFO,User login success uid=u2009,req-65564347,False,False,2026-07-28,9
2026-07-28 09:52:33+00:00,web-portal,INFO,Request completed path=/report in 805ms,req-65564671,False,False,2026-07-28,9
2026-07-28 09:57:31+00:00,auth-service,INFO,Token refreshed uid=u4430,req-21816709,False,False,2026-07-28,9
2026-07-28 10:09:43+00:00,payment-api,INFO,Balance check ok uid=u5329,req-72589932,False,False,2026-07-28,10
2026-07-28 10:13:00+00:00,payment-api,INFO,Payment processed txn=t664781 amount=120000,req-20120010,False,False,2026-07-28,10
2026-07-28 10:14:59+00:00,auth-service,INFO,Token refreshed uid=u5872,req-75893962,False,False,2026-07-28,10
2026-07-28 10:18:48+00:00,payment-api,WARN,Slow query 1200ms table=tx_history,req-87576121,False,False,2026-07-28,10
2026-07-28 10:21:44+00:00,web-portal,INFO,Request completed path=/home in 833ms,req-61146483,False,False,2026-07-28,10
2026-07-28 10:26:33+00:00,notification-worker,INFO,Email sent uid=u8942,req-43829709,False,False,2026-07-28,10
2026-07-28 10:28:27+00:00,web-portal,ERROR,ERR HTTP 502 upstream=payment-api path=/checkout,req-54543739,False,False,2026-07-28,10
2026-07-28 10:29:57+00:00,notification-worker,ERROR,ERR SMTPConnRefused host=mail-gw,req-76616115,False,False,2026-07-28,10
2026-07-28 10:33:25+00:00,notification-worker,INFO,SMS sent uid=u4327,req-62358969,False,False,2026-07-28,10
2026-07-28 10:47:54+00:00,notification-worker,WARN,Queue depth high depth=2856,req-37802722,False,False,2026-07-28,10
2026-07-28 10:57:47+00:00,auth-service,INFO,User login success uid=u7895,req-28409776,False,False,2026-07-28,10
2026-07-28 10:59:59+00:00,batch-report,INFO,Daily report job started,req-83544472,False,False,2026-07-28,10
2026-07-28 11:03:09+00:00,web-portal,INFO,Request completed path=/home in 392ms,req-11116303,False,False,2026-07-28,11
2026-07-28 11:05:53+00:00,web-portal,ERROR,ERR HTTP 502 upstream=payment-api path=/checkout,req-41338443,False,False,2026-07-28,11
2026-07-28 11:08:43+00:00,auth-service,INFO,Session created uid=u3736,req-90043415,False,False,2026-07-28,11
2026-07-28 11:12:20+00:00,batch-report,INFO,Daily report job started,req-55816776,False,False,2026-07-28,11
2026-07-28 11:13:27+00:00,batch-report,INFO,Daily report job started,req-41895802,False,False,2026-07-28,11
2026-07-28 11:16:09+00:00,batch-report,INFO,Daily report job finished rows=867,req-10474177,False,False,2026-07-28,11
2026-07-28 11:38:08+00:00,auth-service,INFO,Token refreshed uid=u3292,req-66178935,False,False,2026-07-28,11
2026-07-28 11:40:03+00:00,notification-worker,WARN,Queue depth high depth=2027,req-56335527,False,False,2026-07-28,11
2026-07-28 11:40:34+00:00,web-portal,INFO,Request completed path=/home in 234ms,req-84016756,False,False,2026-07-28,11
2026-07-28 11:46:29+00:00,notification-worker,INFO,SMS sent uid=u5216,req-62155724,False,False,2026-07-28,11
2026-07-28 11:46:35+00:00,web-portal,WARN,Response time 2100ms path=/report,req-58319528,False,False,2026-07-28,11
2026-07-28 11:49:18+00:00,web-portal,WARN,Response time 2100ms path=/report,req-22799546,False,False,2026-07-28,11
2026-07-28 11:50:47+00:00,batch-report,WARN,Report row mismatch expected=957 got=1189,req-19342578,False,False,2026-07-28,11
2026-07-28 11:50:55+00:00,web-portal,INFO,Request completed path=/home in 231ms,req-46159360,False,False,2026-07-28,11
2026-07-28 11:52:26+00:00,notification-worker,INFO,Email sent uid=u4731,req-60403103,False,False,2026-07-28,11
2026-07-28 11:53:58+00:00,web-portal,WARN,Response time 2100ms path=/report,req-69809598,False,False,2026-07-28,11
2026-07-28 11:55:04+00:00,batch-report,INFO,Daily report job finished rows=1064,req-37539747,False,False,2026-07-28,11
2026-07-28 12:03:13+00:00,payment-api,INFO,Balance check ok uid=u6911,req-85341065,False,False,2026-07-28,12
2026-07-28 12:04:38+00:00,payment-api,INFO,Balance check ok uid=u1620,req-84904794,False,False,2026-07-28,12
2026-07-28 12:05:12+00:00,auth-service,ERROR,ERR AuthTokenExpired uid=u8751,req-98437437,False,False,2026-07-28,12
2026-07-28 12:08:04+00:00,batch-report,INFO,Daily report job started,req-13017249,False,False,2026-07-28,12
2026-07-28 12:08:41+00:00,batch-report,INFO,Daily report job finished rows=977,req-57698045,False,False,2026-07-28,12
2026-07-28 12:09:10+00:00,batch-report,INFO,Daily report job started,req-44147341,False,False,2026-07-28,12
2026-07-28 12:12:55+00:00,notification-worker,INFO,Email sent uid=u2035,req-59650807,False,False,2026-07-28,12
2026-07-28 12:13:45+00:00,notification-worker,INFO,Email sent uid=u3084,req-71549421,False,False,2026-07-28,12
2026-07-28 12:18:00+00:00,auth-service,INFO,Session created uid=u8105,req-32130289,False,False,2026-07-28,12
2026-07-28 12:18:15+00:00,auth-service,INFO,User login success uid=u8909,req-68277389,False,False,2026-07-28,12
2026-07-28 12:19:01+00:00,auth-service,WARN,Slow login 900ms uid=u9504,req-74683506,False,False,2026-07-28,12
2026-07-28 12:27:05+00:00,web-portal,INFO,Request completed path=/report in 527ms,req-87002404,False,False,2026-07-28,12
2026-07-28 12:28:59+00:00,payment-api,INFO,Balance check ok uid=u5819,req-50119441,False,False,2026-07-28,12
2026-07-28 12:30:29+00:00,notification-worker,INFO,Email sent uid=u9765,req-87036318,False,False,2026-07-28,12
2026-07-28 12:31:09+00:00,payment-api,INFO,Payment processed txn=t532699 amount=120000,req-36082023,False,False,2026-07-28,12
2026-07-28 12:31:47+00:00,web-portal,INFO,Request completed path=/report in 399ms,req-36703705,False,False,2026-07-28,12
2026-07-28 12:32:03+00:00,batch-report,WARN,Report row mismatch expected=1061 got=906,req-49484797,False,False,2026-07-28,12
2026-07-28 12:37:22+00:00,notification-worker,ERROR,ERR SMTPConnRefused host=mail-gw,req-41182544,False,False,2026-07-28,12
2026-07-28 12:39:04+00:00,web-portal,INFO,Request completed path=/report in 505ms,req-45045256,False,False,2026-07-28,12
2026-07-28 12:39:53+00:00,notification-worker,INFO,SMS sent uid=u7861,req-93070162,False,False,2026-07-28,12
2026-07-28 12:41:33+00:00,batch-report,INFO,Daily report job finished rows=1165,req-53737494,False,False,2026-07-28,12
2026-07-28 12:41:46+00:00,auth-service,INFO,Token refreshed uid=u8520,req-93698993,False,False,2026-07-28,12
2026-07-28 12:50:55+00:00,payment-api,INFO,Balance check ok uid=u6653,req-69042204,False,False,2026-07-28,12
2026-07-28 12:59:31+00:00,web-portal,INFO,Request completed path=/home in 593ms,req-28134815,False,False,2026-07-28,12
2026-07-28 13:02:25+00:00,web-portal,INFO,Request completed path=/report in 536ms,req-49555923,False,False,2026-07-28,13
2026-07-28 13:18:38+00:00,notification-worker,WARN,Queue depth high depth=2788,req-18993381,False,False,2026-07-28,13
2026-07-28 13:20:18+00:00,web-portal,INFO,Request completed path=/home in 53ms,req-20731620,False,False,2026-07-28,13
2026-07-28 13:26:34+00:00,batch-report,WARN,Report row mismatch expected=1086 got=1120,req-24723458,False,False,2026-07-28,13
2026-07-28 13:29:11+00:00,notification-worker,WARN,Queue depth high depth=1863,req-81258920,False,False,2026-07-28,13
2026-07-28 13:32:25+00:00,notification-worker,ERROR,ERR SMTPConnRefused host=mail-gw,req-32328873,False,False,2026-07-28,13
2026-07-28 13:36:37+00:00,web-portal,ERROR,ERR HTTP 502 upstream=payment-api path=/checkout,req-93349536,False,False,2026-07-28,13
2026-07-28 13:42:42+00:00,web-portal,ERROR,ERR HTTP 502 upstream=payment-api path=/checkout,req-92941828,False,False,2026-07-28,13
2026-07-28 13:42:49+00:00,payment-api,INFO,Payment processed txn=t483041 amount=50000,req-79306247,False,False,2026-07-28,13
2026-07-28 13:50:40+00:00,auth-service,INFO,Token refreshed uid=u3024,req-94598956,False,False,2026-07-28,13
2026-07-28 13:53:07+00:00,payment-api,INFO,Balance check ok uid=u2857,req-79372824,False,False,2026-07-28,13
2026-07-28 13:53:16+00:00,auth-service,INFO,Token refreshed uid=u7052,req-45353058,False,False,2026-07-28,13
2026-07-28 13:53:34+00:00,payment-api,INFO,Payment processed txn=t536801 amount=250000,req-37257905,False,False,2026-07-28,13
2026-07-28 13:57:02+00:00,notification-worker,INFO,SMS sent uid=u4898,req-87545284,False,False,2026-07-28,13
2026-07-28 14:00:36+00:00,web-portal,INFO,Request completed path=/home in 243ms,req-79946108,False,False,2026-07-28,14
2026-07-28 14:04:27+00:00,auth-service,INFO,User login success uid=u1813,req-46115786,False,False,2026-07-28,14
2026-07-28 14:08:11+00:00,auth-service,INFO,Token refreshed uid=u1578,req-81757508,False,False,2026-07-28,14
2026-07-28 14:14:52+00:00,notification-worker,INFO,SMS sent uid=u1060,req-82494849,False,False,2026-07-28,14
2026-07-28 14:24:39+00:00,web-portal,INFO,Request completed path=/home in 635ms,req-30802666,False,False,2026-07-28,14
2026-07-28 14:27:21+00:00,web-portal,INFO,Request completed path=/home in 524ms,req-63286118,False,False,2026-07-28,14
2026-07-28 14:28:16+00:00,auth-service,INFO,Token refreshed uid=u8715,req-34814337,False,False,2026-07-28,14
2026-07-28 14:29:43+00:00,payment-api,WARN,Retry 1/3 calling notification-worker,req-23459168,False,False,2026-07-28,14
2026-07-28 14:35:06+00:00,web-portal,INFO,Request completed path=/report in 625ms,req-23404289,False,False,2026-07-28,14
2026-07-28 14:35:09+00:00,notification-worker,INFO,SMS sent uid=u1904,req-20798726,False,False,2026-07-28,14
2026-07-28 14:40:18+00:00,auth-service,INFO,Token refreshed uid=u3356,req-41887353,False,False,2026-07-28,14
2026-07-28 14:44:26+00:00,batch-report,INFO,Daily report job finished rows=960,req-89699265,False,False,2026-07-28,14
2026-07-28 14:45:43+00:00,payment-api,ERROR,ERR PaymentDeclined txn=t642892 code=51,req-83765077,False,False,2026-07-28,14
2026-07-28 14:45:50+00:00,notification-worker,INFO,Email sent uid=u2936,req-41270805,False,False,2026-07-28,14
2026-07-28 14:49:23+00:00,web-portal,INFO,Request completed path=/home in 555ms,req-78892172,False,False,2026-07-28,14
2026-07-28 14:54:34+00:00,auth-service,INFO,Session created uid=u9409,req-90683906,False,False,2026-07-28,14
2026-07-28 14:55:07+00:00,auth-service,INFO,Session created uid=u5839,req-74513622,False,False,2026-07-28,14
2026-07-28 14:58:23+00:00,notification-worker,INFO,Email sent uid=u2600,req-48023482,False,False,2026-07-28,14
2026-07-28 14:59:21+00:00,notification-worker,ERROR,ERR SMTPConnRefused host=mail-gw,req-83614224,False,False,2026-07-28,14
2026-07-28 15:00:46+00:00,auth-service,ERROR,ERR AuthTokenExpired uid=u1587,req-93089652,False,False,2026-07-28,15
2026-07-28 15:00:57+00:00,web-portal,INFO,Request completed path=/report in 757ms,req-22483514,False,False,2026-07-28,15
2026-07-28 15:02:00+00:00,web-portal,INFO,Request completed path=/report in 226ms,req-95482292,False,False,2026-07-28,15
2026-07-28 15:02:42+00:00,payment-api,WARN,Slow query 1200ms table=tx_history,req-51158280,False,False,2026-07-28,15
2026-07-28 15:03:26+00:00,batch-report,INFO,Daily report job finished rows=1032,req-71026547,False,False,2026-07-28,15
2026-07-28 15:03:29+00:00,web-portal,ERROR,ERR HTTP 502 upstream=payment-api path=/checkout,req-97967622,False,False,2026-07-28,15
2026-07-28 15:04:17+00:00,batch-report,INFO,Daily report job finished rows=1171,req-84514623,False,False,2026-07-28,15
2026-07-28 15:04:29+00:00,batch-report,INFO,Daily report job finished rows=1126,req-30395330,False,False,2026-07-28,15
2026-07-28 15:10:27+00:00,auth-service,INFO,Session created uid=u2462,req-79323646,False,False,2026-07-28,15
2026-07-28 15:11:27+00:00,batch-report,ERROR,ERR NullPointer in ReportBuilder step=aggregate,req-29326800,False,False,2026-07-28,15
2026-07-28 15:11:40+00:00,batch-report,INFO,Daily report job started,req-54195849,False,False,2026-07-28,15
2026-07-28 15:12:38+00:00,notification-worker,INFO,Email sent uid=u1724,req-67136170,False,False,2026-07-28,15
2026-07-28 15:19:43+00:00,notification-worker,INFO,SMS sent uid=u6782,req-50811697,False,False,2026-07-28,15
2026-07-28 15:30:46+00:00,payment-api,WARN,Slow query 1200ms table=tx_history,req-63345392,False,False,2026-07-28,15
2026-07-28 15:33:30+00:00,batch-report,INFO,Daily report job started,req-54185620,False,False,2026-07-28,15
2026-07-28 15:35:13+00:00,notification-worker,INFO,Email sent uid=u5041,req-29994374,False,False,2026-07-28,15
2026-07-28 15:50:41+00:00,batch-report,ERROR,ERR NullPointer in ReportBuilder step=aggregate,req-61619474,False,False,2026-07-28,15
2026-07-28 15:56:07+00:00,payment-api,INFO,Balance check ok uid=u7249,req-28304809,False,False,2026-07-28,15
2026-07-28 15:58:16+00:00,notification-worker,INFO,Email sent uid=u4991,req-31173338,False,False,2026-07-28,15
2026-07-28 16:04:38+00:00,notification-worker,INFO,Email sent uid=u5243,req-69845276,False,False,2026-07-28,16
2026-07-28 16:09:26+00:00,batch-report,INFO,Daily report job started,req-74890505,False,False,2026-07-28,16
2026-07-28 16:12:53+00:00,payment-api,INFO,Balance check ok uid=u6877,req-96644469,False,False,2026-07-28,16
2026-07-28 16:17:34+00:00,web-portal,WARN,Response time 2100ms path=/report,req-28130896,False,False,2026-07-28,16
2026-07-28 16:27:12+00:00,batch-report,INFO,Daily report job finished rows=857,req-37125189,False,False,2026-07-28,16
2026-07-28 16:34:42+00:00,batch-report,INFO,Daily report job started,req-60860378,False,False,2026-07-28,16
2026-07-28 16:37:07+00:00,auth-service,INFO,User login success uid=u1828,req-77796914,False,False,2026-07-28,16
2026-07-28 16:37:19+00:00,auth-service,WARN,Slow login 900ms uid=u5453,req-97086700,False,False,2026-07-28,16
2026-07-28 16:39:10+00:00,payment-api,INFO,Balance check ok uid=u9260,req-84252780,False,False,2026-07-28,16
2026-07-28 16:40:31+00:00,notification-worker,ERROR,ERR SMTPConnRefused host=mail-gw,req-40438156,False,False,2026-07-28,16
2026-07-28 16:43:30+00:00,batch-report,INFO,Daily report job started,req-89763928,False,False,2026-07-28,16
2026-07-28 16:46:27+00:00,web-portal,INFO,Request completed path=/report in 304ms,req-40860700,False,False,2026-07-28,16
2026-07-28 16:47:49+00:00,batch-report,INFO,Daily report job finished rows=827,req-29091078,False,False,2026-07-28,16
2026-07-28 16:53:04+00:00,web-portal,INFO,Request completed path=/report in 471ms,req-64327674,False,False,2026-07-28,16
2026-07-28 16:54:13+00:00,auth-service,WARN,Slow login 900ms uid=u1820,req-67176108,False,False,2026-07-28,16
2026-07-28 16:55:09+00:00,payment-api,INFO,Payment processed txn=t635205 amount=50000,req-98943201,False,False,2026-07-28,16
2026-07-28 17:12:54+00:00,web-portal,INFO,Request completed path=/home in 370ms,req-83763371,False,False,2026-07-28,17
2026-07-28 17:16:44+00:00,auth-service,INFO,User login success uid=u6730,req-48261364,False,False,2026-07-28,17
2026-07-28 17:18:07+00:00,auth-service,INFO,User login success uid=u5400,req-75984013,False,False,2026-07-28,17
2026-07-28 17:19:15+00:00,auth-service,INFO,Session created uid=u6873,req-34311643,False,False,2026-07-28,17
2026-07-28 17:19:51+00:00,notification-worker,INFO,SMS sent uid=u3079,req-65301908,False,False,2026-07-28,17
2026-07-28 17:20:25+00:00,notification-worker,INFO,SMS sent uid=u9724,req-45248951,False,False,2026-07-28,17
2026-07-28 17:22:10+00:00,web-portal,INFO,Request completed path=/report in 857ms,req-10968781,False,False,2026-07-28,17
2026-07-28 17:26:58+00:00,notification-worker,INFO,SMS sent uid=u2605,req-64575354,False,False,2026-07-28,17
2026-07-28 17:32:11+00:00,web-portal,INFO,Request completed path=/report in 492ms,req-44870711,False,False,2026-07-28,17
2026-07-28 17:33:12+00:00,payment-api,INFO,Payment processed txn=t467544 amount=50000,req-41207351,False,False,2026-07-28,17
2026-07-28 17:33:45+00:00,batch-report,INFO,Daily report job started,req-68432185,False,False,2026-07-28,17
2026-07-28 17:36:13+00:00,payment-api,INFO,Payment processed txn=t142383 amount=120000,req-45481411,False,False,2026-07-28,17
2026-07-28 17:36:34+00:00,batch-report,INFO,Daily report job started,req-27409802,False,False,2026-07-28,17
2026-07-28 17:42:10+00:00,notification-worker,WARN,Queue depth high depth=2682,req-49227057,False,False,2026-07-28,17
2026-07-28 17:43:47+00:00,notification-worker,INFO,Email sent uid=u2322,req-48081803,False,False,2026-07-28,17
2026-07-28 17:44:58+00:00,batch-report,INFO,Daily report job finished rows=979,req-32924595,False,False,2026-07-28,17
2026-07-28 17:52:10+00:00,web-portal,INFO,Request completed path=/report in 447ms,req-27212880,False,False,2026-07-28,17
2026-07-28 18:01:01+00:00,auth-service,UNKNOWN,Heartbeat ok,req-29057175,True,False,2026-07-28,18
2026-07-28 18:03:10+00:00,auth-service,WARN,Slow login 900ms uid=u3709,req-16757958,False,False,2026-07-28,18
2026-07-28 18:07:14+00:00,notification-worker,INFO,Email sent uid=u3438,req-30348410,False,False,2026-07-28,18
2026-07-28 18:08:53+00:00,auth-service,ERROR,ERR AuthTokenExpired uid=u8324,req-23776553,False,False,2026-07-28,18
2026-07-28 18:11:34+00:00,notification-worker,INFO,SMS sent uid=u9748,req-55327823,False,False,2026-07-28,18
2026-07-28 18:20:46+00:00,payment-api,INFO,Payment processed txn=t828038 amount=250000,req-85467972,False,False,2026-07-28,18
2026-07-28 18:27:56+00:00,payment-api,INFO,Payment processed txn=t952117 amount=990000,req-84033693,False,False,2026-07-28,18
2026-07-28 18:30:28+00:00,auth-service,ERROR,ERR AuthTokenExpired uid=u4389,req-39919562,False,False,2026-07-28,18
2026-07-28 18:30:29+00:00,payment-api,WARN,Slow query 1200ms table=tx_history,req-31573890,False,False,2026-07-28,18
2026-07-28 18:37:50+00:00,auth-service,WARN,Slow login 900ms uid=u2229,req-49731424,False,False,2026-07-28,18
2026-07-28 18:43:31+00:00,payment-api,INFO,Balance check ok uid=u9335,req-52991650,False,False,2026-07-28,18
2026-07-28 18:52:02+00:00,web-portal,INFO,Request completed path=/home in 52ms,req-87981603,False,False,2026-07-28,18
2026-07-28 18:55:18+00:00,batch-report,INFO,Daily report job finished rows=919,req-35978571,False,False,2026-07-28,18
2026-07-28 18:55:26+00:00,payment-api,WARN,Slow query 1200ms table=tx_history,req-24305357,False,False,2026-07-28,18
2026-07-28 18:55:51+00:00,notification-worker,INFO,Email sent uid=u6528,req-19120357,False,False,2026-07-28,18
2026-07-28 18:57:22+00:00,batch-report,INFO,Daily report job started,req-79619091,False,False,2026-07-28,18
2026-07-28 19:04:16+00:00,batch-report,INFO,Daily report job finished rows=1089,req-52613620,False,False,2026-07-28,19
2026-07-28 19:05:19+00:00,auth-service,INFO,User login success uid=u1474,req-43486016,False,False,2026-07-28,19
2026-07-28 19:06:06+00:00,batch-report,INFO,Daily report job finished rows=829,req-94420078,False,False,2026-07-28,19
2026-07-28 19:08:29+00:00,web-portal,INFO,Request completed path=/home in 554ms,req-71363812,False,False,2026-07-28,19
2026-07-28 19:12:05+00:00,notification-worker,INFO,Email sent uid=u1542,req-76565050,False,False,2026-07-28,19
2026-07-28 19:15:39+00:00,web-portal,INFO,Request completed path=/report in 894ms,req-79724133,False,False,2026-07-28,19
2026-07-28 19:18:46+00:00,notification-worker,INFO,Email sent uid=u8122,req-81169409,False,False,2026-07-28,19
2026-07-28 19:26:19+00:00,web-portal,INFO,Request completed path=/home in 603ms,req-65343779,False,False,2026-07-28,19
2026-07-28 19:35:04+00:00,web-portal,INFO,Request completed path=/report in 426ms,req-55588495,False,False,2026-07-28,19
2026-07-28 19:35:17+00:00,web-portal,ERROR,ERR HTTP 502 upstream=payment-api path=/checkout,req-99692417,False,False,2026-07-28,19
2026-07-28 19:39:02+00:00,notification-worker,INFO,SMS sent uid=u9315,req-47101348,False,False,2026-07-28,19
2026-07-28 19:44:31+00:00,batch-report,INFO,Daily report job finished rows=1077,req-28536762,False,False,2026-07-28,19
2026-07-28 19:46:22+00:00,payment-api,INFO,Balance check ok uid=u9798,req-99031246,False,False,2026-07-28,19
2026-07-28 19:47:13+00:00,payment-api,INFO,Balance check ok uid=u9842,req-49057246,False,False,2026-07-28,19
2026-07-28 19:49:32+00:00,batch-report,INFO,Daily report job finished rows=1164,req-25344154,False,False,2026-07-28,19
2026-07-28 19:52:09+00:00,payment-api,INFO,Balance check ok uid=u5832,req-11496555,False,False,2026-07-28,19
2026-07-28 19:55:41+00:00,batch-report,INFO,Daily report job started,req-97681338,False,False,2026-07-28,19
2026-07-28 19:57:27+00:00,web-portal,WARN,Response time 2100ms path=/report,req-28102047,False,False,2026-07-28,19
2026-07-28 20:02:34+00:00,auth-service,WARN,Slow login 900ms uid=u7203,req-70142774,False,False,2026-07-28,20
2026-07-28 20:09:19+00:00,payment-api,INFO,Balance check ok uid=u4560,req-27806897,False,False,2026-07-28,20
2026-07-28 20:17:31+00:00,batch-report,INFO,Daily report job started,req-13957187,False,False,2026-07-28,20
2026-07-28 20:19:53+00:00,web-portal,INFO,Request completed path=/home in 824ms,req-71568435,False,False,2026-07-28,20
2026-07-28 20:21:48+00:00,web-portal,ERROR,ERR HTTP 502 upstream=payment-api path=/checkout,req-92677695,False,False,2026-07-28,20
2026-07-28 20:35:28+00:00,payment-api,INFO,Payment processed txn=t946934 amount=250000,req-43041067,False,False,2026-07-28,20
2026-07-28 20:40:21+00:00,batch-report,INFO,Daily report job finished rows=1033,req-73155598,False,False,2026-07-28,20
2026-07-28 20:42:49+00:00,batch-report,INFO,Daily report job finished rows=969,req-74304823,False,False,2026-07-28,20
2026-07-28 20:47:23+00:00,web-portal,INFO,Request completed path=/home in 578ms,req-44351488,False,False,2026-07-28,20
2026-07-28 20:48:25+00:00,auth-service,INFO,Session created uid=u3415,req-35867257,False,False,2026-07-28,20
2026-07-28 20:56:01+00:00,payment-api,INFO,Payment processed txn=t371212 amount=990000,req-68119636,False,False,2026-07-28,20
2026-07-28 21:02:31+00:00,notification-worker,INFO,Email sent uid=u9161,req-83305194,False,False,2026-07-28,21
2026-07-28 21:08:42+00:00,batch-report,WARN,Report row mismatch expected=876 got=931,req-49124904,False,False,2026-07-28,21
2026-07-28 21:12:52+00:00,auth-service,INFO,Session created uid=u2641,req-56153339,False,False,2026-07-28,21
2026-07-28 21:13:09+00:00,payment-api,INFO,Balance check ok uid=u7839,req-13391969,False,False,2026-07-28,21
2026-07-28 21:16:49+00:00,auth-service,INFO,Token refreshed uid=u2676,req-47940248,False,False,2026-07-28,21
2026-07-28 21:18:12+00:00,payment-api,INFO,Balance check ok uid=u8912,req-23898777,False,False,2026-07-28,21
2026-07-28 21:19:11+00:00,auth-service,INFO,Token refreshed uid=u5817,req-87888306,False,False,2026-07-28,21
2026-07-28 21:26:23+00:00,batch-report,INFO,Daily report job started,req-10882216,False,False,2026-07-28,21
2026-07-28 21:30:36+00:00,payment-api,INFO,Payment processed txn=t778700 amount=990000,req-86972056,False,False,2026-07-28,21
2026-07-28 21:30:41+00:00,web-portal,INFO,Request completed path=/home in 576ms,req-51562039,False,False,2026-07-28,21
2026-07-28 21:37:26+00:00,auth-service,INFO,User login success uid=u1785,req-65938669,False,False,2026-07-28,21
2026-07-28 21:42:46+00:00,batch-report,INFO,Daily report job started,req-27996802,False,False,2026-07-28,21
2026-07-28 21:42:52+00:00,batch-report,WARN,Report row mismatch expected=1138 got=731,req-39207357,False,False,2026-07-28,21
2026-07-28 21:45:11+00:00,payment-api,WARN,Retry 1/3 calling notification-worker,req-37072687,False,False,2026-07-28,21
2026-07-28 21:49:18+00:00,payment-api,INFO,Balance check ok uid=u1305,req-73272042,False,False,2026-07-28,21
2026-07-28 22:10:23+00:00,auth-service,INFO,User login success uid=u4272,req-58039455,False,False,2026-07-28,22
2026-07-28 22:19:12+00:00,web-portal,INFO,Request completed path=/home in 696ms,req-80222787,False,False,2026-07-28,22
2026-07-28 22:19:18+00:00,web-portal,INFO,Request completed path=/report in 550ms,req-59970552,False,False,2026-07-28,22
2026-07-28 22:20:55+00:00,web-portal,INFO,Request completed path=/report in 533ms,req-76080806,False,False,2026-07-28,22
2026-07-28 22:21:22+00:00,payment-api,INFO,Payment processed txn=t893988 amount=120000,req-85942072,False,False,2026-07-28,22
2026-07-28 22:22:21+00:00,auth-service,INFO,User login success uid=u8105,req-61447859,False,False,2026-07-28,22
2026-07-28 22:22:56+00:00,payment-api,INFO,Balance check ok uid=u1639,req-90996996,False,False,2026-07-28,22
2026-07-28 22:24:44+00:00,batch-report,WARN,Report row mismatch expected=962 got=853,req-50876026,False,False,2026-07-28,22
2026-07-28 22:25:13+00:00,notification-worker,INFO,Email sent uid=u5603,req-33436273,False,False,2026-07-28,22
2026-07-28 22:26:21+00:00,batch-report,INFO,Daily report job finished rows=901,req-20542212,False,False,2026-07-28,22
2026-07-28 22:29:27+00:00,web-portal,INFO,Request completed path=/report in 232ms,req-16661503,False,False,2026-07-28,22
2026-07-28 22:33:21+00:00,payment-api,INFO,Balance check ok uid=u2143,req-88405961,False,False,2026-07-28,22
2026-07-28 22:35:24+00:00,notification-worker,WARN,Queue depth high depth=711,req-24893677,False,False,2026-07-28,22
2026-07-28 22:36:29+00:00,notification-worker,WARN,Queue depth high depth=828,req-62436517,False,False,2026-07-28,22
2026-07-28 22:38:21+00:00,auth-service,WARN,Slow login 900ms uid=u5395,req-63791447,False,False,2026-07-28,22
2026-07-28 22:41:30+00:00,batch-report,ERROR,ERR NullPointer in ReportBuilder step=aggregate,req-40298433,False,False,2026-07-28,22
2026-07-28 22:48:38+00:00,batch-report,INFO,Daily report job finished rows=1110,req-89885300,False,False,2026-07-28,22
2026-07-28 22:55:57+00:00,web-portal,INFO,Request completed path=/report in 306ms,req-84825240,False,False,2026-07-28,22
2026-07-28 22:57:36+00:00,notification-worker,INFO,Email sent uid=u6886,req-28782825,False,False,2026-07-28,22
2026-07-28 23:05:09+00:00,batch-report,INFO,Daily report job finished rows=1061,req-60825385,False,False,2026-07-28,23
2026-07-28 23:08:04+00:00,auth-service,INFO,Token refreshed uid=u3029,req-69874989,False,False,2026-07-28,23
2026-07-28 23:09:05+00:00,payment-api,WARN,Retry 1/3 calling notification-worker,req-68435370,False,False,2026-07-28,23
2026-07-28 23:13:47+00:00,web-portal,INFO,Request completed path=/home in 59ms,req-93241474,False,False,2026-07-28,23
2026-07-28 23:15:35+00:00,batch-report,INFO,Daily report job finished rows=946,req-52835559,False,False,2026-07-28,23
2026-07-28 23:15:44+00:00,web-portal,INFO,Request completed path=/report in 881ms,req-92803389,False,False,2026-07-28,23
2026-07-28 23:19:55+00:00,payment-api,INFO,Payment processed txn=t390119 amount=250000,req-74418331,False,False,2026-07-28,23
2026-07-28 23:21:10+00:00,auth-service,WARN,Slow login 900ms uid=u7305,req-77856130,False,False,2026-07-28,23
2026-07-28 23:31:25+00:00,batch-report,INFO,Daily report job finished rows=1198,req-28160554,False,False,2026-07-28,23
2026-07-28 23:38:16+00:00,payment-api,INFO,Payment processed txn=t647403 amount=990000,req-67573535,False,False,2026-07-28,23
2026-07-28 23:38:39+00:00,batch-report,INFO,Daily report job finished rows=1163,req-75050252,False,False,2026-07-28,23
2026-07-28 23:39:00+00:00,batch-report,INFO,Daily report job finished rows=1042,req-35938895,False,False,2026-07-28,23
2026-07-28 23:42:03+00:00,auth-service,INFO,Session created uid=u4695,req-52777459,False,False,2026-07-28,23
2026-07-28 23:43:09+00:00,auth-service,INFO,Session created uid=u5895,req-90535106,False,False,2026-07-28,23
2026-07-28 23:50:54+00:00,payment-api,ERROR,ERR ConnTimeout db-primary after 30s retry=3,req-99880518,False,False,2026-07-28,23
2026-07-28 23:56:22+00:00,payment-api,INFO,Balance check ok uid=u6273,req-46721417,False,False,2026-07-28,23
2026-07-28 23:57:15+00:00,batch-report,ERROR,ERR NullPointer in ReportBuilder step=aggregate,req-71207129,False,False,2026-07-28,23
2026-07-28 23:59:56+00:00,notification-worker,INFO,Email sent uid=u8317,req-75084661,False,False,2026-07-28,23
2026-07-29 00:02:11+00:00,web-portal,INFO,Request completed path=/home in 708ms,req-74717944,False,False,2026-07-29,0
2026-07-29 00:12:52+00:00,notification-worker,INFO,SMS sent uid=u8542,req-34985664,False,False,2026-07-29,0
2026-07-29 00:14:41+00:00,web-portal,INFO,Request completed path=/home in 406ms,req-29112869,False,False,2026-07-29,0
2026-07-29 00:20:46+00:00,batch-report,INFO,Daily report job started,req-22997893,False,False,2026-07-29,0
2026-07-29 00:23:21+00:00,notification-worker,INFO,SMS sent uid=u7946,req-26735821,False,False,2026-07-29,0
2026-07-29 00:23:27+00:00,batch-report,INFO,Daily report job started,req-75063283,False,False,2026-07-29,0
2026-07-29 00:25:45+00:00,notification-worker,ERROR,ERR SMTPConnRefused host=mail-gw,req-96500924,False,False,2026-07-29,0
2026-07-29 00:26:10+00:00,batch-report,INFO,Daily report job finished rows=833,req-97234140,False,False,2026-07-29,0
2026-07-29 00:26:57+00:00,batch-report,INFO,Daily report job started,req-63373950,False,False,2026-07-29,0
2026-07-29 00:30:21+00:00,notification-worker,INFO,SMS sent uid=u4115,req-56313253,False,False,2026-07-29,0
2026-07-29 00:34:09+00:00,notification-worker,WARN,Queue depth high depth=2064,req-97754868,False,False,2026-07-29,0
2026-07-29 00:37:57+00:00,auth-service,INFO,User login success uid=u8856,req-90215042,False,False,2026-07-29,0
2026-07-29 00:39:36+00:00,payment-api,INFO,Payment processed txn=t373477 amount=250000,req-14290941,False,False,2026-07-29,0
2026-07-29 00:41:04+00:00,auth-service,INFO,User login success uid=u8934,req-98555359,False,False,2026-07-29,0
2026-07-29 00:43:08+00:00,notification-worker,INFO,SMS sent uid=u7451,req-82340910,False,False,2026-07-29,0
2026-07-29 00:45:58+00:00,notification-worker,ERROR,ERR SMTPConnRefused host=mail-gw,req-35212534,False,False,2026-07-29,0
2026-07-29 00:50:18+00:00,notification-worker,INFO,Email sent uid=u8856,req-74987079,False,False,2026-07-29,0
2026-07-29 00:52:28+00:00,web-portal,INFO,Request completed path=/report in 293ms,req-55741665,False,False,2026-07-29,0
2026-07-29 00:56:05+00:00,batch-report,INFO,Daily report job started,req-59449823,False,False,2026-07-29,0
2026-07-29 00:58:26+00:00,auth-service,INFO,Token refreshed uid=u3934,req-20269972,False,False,2026-07-29,0
2026-07-29 00:59:44+00:00,payment-api,INFO,Balance check ok uid=u1853,req-10412827,False,False,2026-07-29,0
2026-07-29 01:01:29+00:00,auth-service,INFO,User login success uid=u1739,req-93906615,False,False,2026-07-29,1
2026-07-29 01:03:50+00:00,batch-report,INFO,Daily report job finished rows=943,req-99379971,False,False,2026-07-29,1
2026-07-29 01:05:01+00:00,payment-api,INFO,Balance check ok uid=u8251,req-21378739,False,False,2026-07-29,1
2026-07-29 01:14:00+00:00,payment-api,INFO,Balance check ok uid=u5489,req-66689004,False,False,2026-07-29,1
2026-07-29 01:20:51+00:00,payment-api,INFO,Balance check ok uid=u8987,req-41125867,False,False,2026-07-29,1
2026-07-29 01:29:19+00:00,notification-worker,INFO,Email sent uid=u1008,req-91405981,False,False,2026-07-29,1
2026-07-29 01:35:59+00:00,batch-report,INFO,Daily report job finished rows=1192,req-23665188,False,False,2026-07-29,1
2026-07-29 01:39:21+00:00,web-portal,INFO,Request completed path=/report in 347ms,req-28743541,False,False,2026-07-29,1
2026-07-29 01:39:57+00:00,batch-report,INFO,Daily report job finished rows=1110,req-92220752,False,False,2026-07-29,1
2026-07-29 01:46:20+00:00,payment-api,INFO,Payment processed txn=t438869 amount=50000,req-61189424,False,False,2026-07-29,1
2026-07-29 01:46:25+00:00,auth-service,INFO,Token refreshed uid=u5749,req-22684736,False,False,2026-07-29,1
2026-07-29 01:50:08+00:00,payment-api,INFO,Payment processed txn=t937798 amount=990000,req-91949659,False,False,2026-07-29,1
2026-07-29 01:51:14+00:00,payment-api,INFO,Balance check ok uid=u6469,req-76532158,False,False,2026-07-29,1
2026-07-29 01:53:49+00:00,batch-report,INFO,Daily report job started,req-37430524,False,False,2026-07-29,1
2026-07-29 01:53:50+00:00,payment-api,INFO,Payment processed txn=t346249 amount=990000,req-16108500,False,False,2026-07-29,1
2026-07-29 01:56:15+00:00,payment-api,INFO,Balance check ok uid=u4095,req-44926669,False,False,2026-07-29,1
2026-07-29 02:03:03+00:00,notification-worker,INFO,Email sent uid=u2573,req-97254650,False,False,2026-07-29,2
2026-07-29 02:10:54+00:00,batch-report,INFO,Daily report job started,req-37432134,False,False,2026-07-29,2
2026-07-29 02:18:00+00:00,batch-report,INFO,Daily report job started,req-78786599,False,False,2026-07-29,2
2026-07-29 02:22:59+00:00,web-portal,INFO,Request completed path=/report in 688ms,req-46126008,False,False,2026-07-29,2
2026-07-29 02:24:25+00:00,auth-service,INFO,Token refreshed uid=u7156,req-65635129,False,False,2026-07-29,2
2026-07-29 02:27:35+00:00,web-portal,INFO,Request completed path=/report in 626ms,req-55341868,False,False,2026-07-29,2
2026-07-29 02:29:03+00:00,batch-report,INFO,Daily report job finished rows=1024,req-47465789,False,False,2026-07-29,2
2026-07-29 02:32:03+00:00,auth-service,INFO,User login success uid=u8793,req-24115931,False,False,2026-07-29,2
2026-07-29 02:34:08+00:00,notification-worker,INFO,Email sent uid=u5413,req-91194302,False,False,2026-07-29,2
2026-07-29 02:35:51+00:00,web-portal,ERROR,ERR HTTP 502 upstream=payment-api path=/checkout,req-43557605,False,False,2026-07-29,2
2026-07-29 02:37:09+00:00,batch-report,INFO,Daily report job finished rows=879,req-10561104,False,False,2026-07-29,2
2026-07-29 02:44:06+00:00,notification-worker,INFO,Email sent uid=u7013,req-66736822,False,False,2026-07-29,2
2026-07-29 02:47:32+00:00,notification-worker,INFO,Email sent uid=u4932,req-84378065,False,False,2026-07-29,2
2026-07-29 02:49:29+00:00,batch-report,INFO,Daily report job started,req-39081281,False,False,2026-07-29,2
2026-07-29 02:54:47+00:00,batch-report,INFO,Daily report job finished rows=1041,req-77819218,False,False,2026-07-29,2
2026-07-29 02:57:05+00:00,payment-api,INFO,Payment processed txn=t971051 amount=990000,req-89752745,False,False,2026-07-29,2
2026-07-29 03:02:36+00:00,auth-service,INFO,User login success uid=u9821,req-78690958,False,False,2026-07-29,3
2026-07-29 03:04:06+00:00,payment-api,WARN,Retry 1/3 calling notification-worker,req-79856260,False,False,2026-07-29,3
2026-07-29 03:11:26+00:00,payment-api,INFO,Balance check ok uid=u3049,req-35262608,False,False,2026-07-29,3
2026-07-29 03:14:59+00:00,batch-report,UNKNOWN,Heartbeat ok,req-22252693,True,False,2026-07-29,3
2026-07-29 03:15:50+00:00,payment-api,INFO,Payment processed txn=t844756 amount=990000,req-15927344,False,False,2026-07-29,3
2026-07-29 03:16:32+00:00,web-portal,INFO,Request completed path=/home in 279ms,req-14938681,False,False,2026-07-29,3
2026-07-29 03:17:09+00:00,payment-api,INFO,Balance check ok uid=u4857,req-96493863,False,False,2026-07-29,3
2026-07-29 03:19:01+00:00,batch-report,INFO,Daily report job started,req-62491260,False,False,2026-07-29,3
2026-07-29 03:20:53+00:00,auth-service,INFO,Session created uid=u2552,req-73789440,False,False,2026-07-29,3
2026-07-29 03:21:31+00:00,payment-api,ERROR,ERR ConnTimeout db-primary after 30s retry=3,req-59565830,False,False,2026-07-29,3
2026-07-29 03:22:01+00:00,auth-service,INFO,Token refreshed uid=u6347,req-36268513,False,False,2026-07-29,3
2026-07-29 03:23:02+00:00,payment-api,INFO,Balance check ok uid=u1662,req-76481027,False,False,2026-07-29,3
2026-07-29 03:28:42+00:00,notification-worker,INFO,SMS sent uid=u9666,req-16437523,False,False,2026-07-29,3
2026-07-29 03:30:48+00:00,auth-service,INFO,User login success uid=u3028,req-13927092,False,False,2026-07-29,3
2026-07-29 03:35:42+00:00,web-portal,INFO,Request completed path=/report in 371ms,req-16962963,False,False,2026-07-29,3
2026-07-29 03:36:59+00:00,web-portal,INFO,Request completed path=/home in 187ms,req-30700047,False,False,2026-07-29,3
2026-07-29 03:52:50+00:00,batch-report,WARN,Report row mismatch expected=874 got=1117,req-39380829,False,False,2026-07-29,3
2026-07-29 04:01:45+00:00,notification-worker,INFO,Email sent uid=u4105,req-14242158,False,False,2026-07-29,4
2026-07-29 04:13:38+00:00,batch-report,WARN,Report row mismatch expected=1095 got=1077,req-51714724,False,False,2026-07-29,4
2026-07-29 04:23:54+00:00,batch-report,INFO,Daily report job finished rows=965,req-63974248,False,False,2026-07-29,4
2026-07-29 04:26:37+00:00,payment-api,INFO,Balance check ok uid=u9763,req-44297151,False,False,2026-07-29,4
2026-07-29 04:28:39+00:00,payment-api,INFO,Payment processed txn=t560438 amount=990000,req-73574016,False,False,2026-07-29,4
2026-07-29 04:28:54+00:00,batch-report,INFO,Daily report job finished rows=1154,req-87305664,False,False,2026-07-29,4
2026-07-29 04:32:22+00:00,batch-report,INFO,Daily report job finished rows=1099,req-75121683,False,False,2026-07-29,4
2026-07-29 04:41:24+00:00,notification-worker,INFO,Email sent uid=u4378,req-21356205,False,False,2026-07-29,4
2026-07-29 04:44:25+00:00,payment-api,INFO,Balance check ok uid=u8066,req-35415894,False,False,2026-07-29,4
2026-07-29 04:46:31+00:00,payment-api,INFO,Balance check ok uid=u5806,req-73394367,False,False,2026-07-29,4
2026-07-29 05:00:45+00:00,web-portal,INFO,Request completed path=/home in 359ms,req-97470361,False,False,2026-07-29,5
2026-07-29 05:10:59+00:00,auth-service,INFO,User login success uid=u4712,req-24995099,False,False,2026-07-29,5
2026-07-29 05:11:40+00:00,notification-worker,INFO,Email sent uid=u7206,req-43435196,False,False,2026-07-29,5
2026-07-29 05:11:45+00:00,batch-report,INFO,Daily report job finished rows=1003,req-10861718,False,False,2026-07-29,5
2026-07-29 05:13:31+00:00,notification-worker,ERROR,ERR SMTPConnRefused host=mail-gw,req-23453152,False,False,2026-07-29,5
2026-07-29 05:17:58+00:00,auth-service,INFO,User login success uid=u5544,req-92269619,False,False,2026-07-29,5
2026-07-29 05:21:18+00:00,auth-service,INFO,Session created uid=u8243,req-28713077,False,False,2026-07-29,5
2026-07-29 05:25:27+00:00,web-portal,INFO,Request completed path=/report in 436ms,req-55499525,False,False,2026-07-29,5
2026-07-29 05:26:02+00:00,payment-api,INFO,Balance check ok uid=u2459,req-68406016,False,False,2026-07-29,5
2026-07-29 05:31:11+00:00,payment-api,INFO,Payment processed txn=t542207 amount=120000,req-71572793,False,False,2026-07-29,5
2026-07-29 05:35:17+00:00,auth-service,INFO,Session created uid=u3641,req-69175071,False,False,2026-07-29,5
2026-07-29 05:39:47+00:00,notification-worker,INFO,Email sent uid=u6638,req-55921387,False,False,2026-07-29,5
2026-07-29 05:40:00+00:00,notification-worker,ERROR,ERR SMTPConnRefused host=mail-gw,req-22575001,False,False,2026-07-29,5
2026-07-29 05:40:31+00:00,batch-report,INFO,Daily report job finished rows=842,req-89884158,False,False,2026-07-29,5
2026-07-29 05:50:16+00:00,payment-api,INFO,Payment processed txn=t630930 amount=50000,req-53858104,False,False,2026-07-29,5
2026-07-29 05:58:34+00:00,auth-service,INFO,Token refreshed uid=u9052,req-24681002,False,False,2026-07-29,5
2026-07-29 05:59:18+00:00,web-portal,INFO,Request completed path=/home in 681ms,req-74420002,False,False,2026-07-29,5
2026-07-29 06:01:34+00:00,notification-worker,WARN,Queue depth high depth=2141,req-91499471,False,False,2026-07-29,6
2026-07-29 06:05:06+00:00,auth-service,INFO,Session created uid=u9908,req-46434606,False,False,2026-07-29,6
2026-07-29 06:07:38+00:00,payment-api,INFO,Payment processed txn=t962529 amount=250000,req-88322404,False,False,2026-07-29,6
2026-07-29 06:08:34+00:00,auth-service,INFO,User login success uid=u2060,req-26476859,False,False,2026-07-29,6
2026-07-29 06:12:24+00:00,web-portal,INFO,Request completed path=/report in 106ms,req-27103487,False,False,2026-07-29,6
2026-07-29 06:12:39+00:00,batch-report,INFO,Daily report job started,req-62458932,False,False,2026-07-29,6
2026-07-29 06:13:47+00:00,notification-worker,WARN,Queue depth high depth=1106,req-47279846,False,False,2026-07-29,6
2026-07-29 06:24:38+00:00,web-portal,INFO,Request completed path=/home in 891ms,req-97895055,False,False,2026-07-29,6
2026-07-29 06:25:25+00:00,batch-report,INFO,Daily report job finished rows=1029,req-46488536,False,False,2026-07-29,6
2026-07-29 06:31:04+00:00,batch-report,ERROR,ERR NullPointer in ReportBuilder step=aggregate,req-12894515,False,False,2026-07-29,6
2026-07-29 06:34:01+00:00,payment-api,INFO,Balance check ok uid=u7693,req-41606345,False,False,2026-07-29,6
2026-07-29 06:36:31+00:00,notification-worker,ERROR,ERR SMTPConnRefused host=mail-gw,req-96914605,False,False,2026-07-29,6
2026-07-29 06:50:51+00:00,notification-worker,INFO,Email sent uid=u3321,req-89427788,False,False,2026-07-29,6
2026-07-29 06:51:36+00:00,auth-service,INFO,User login success uid=u9612,req-25645176,False,False,2026-07-29,6
2026-07-29 07:04:46+00:00,auth-service,INFO,Token refreshed uid=u9035,req-67396933,False,False,2026-07-29,7
2026-07-29 07:13:07+00:00,payment-api,INFO,Balance check ok uid=u5289,req-90583348,False,False,2026-07-29,7
2026-07-29 07:14:42+00:00,notification-worker,INFO,Email sent uid=u8852,req-76513956,False,False,2026-07-29,7
2026-07-29 07:17:04+00:00,auth-service,WARN,Slow login 900ms uid=u7788,req-34239835,False,False,2026-07-29,7
2026-07-29 07:17:04+00:00,payment-api,INFO,Balance check ok uid=u6006,req-97131540,False,False,2026-07-29,7
2026-07-29 07:23:27+00:00,web-portal,WARN,Response time 2100ms path=/report,req-86688035,False,False,2026-07-29,7
2026-07-29 07:32:02+00:00,notification-worker,WARN,Queue depth high depth=536,req-78826270,False,False,2026-07-29,7
2026-07-29 07:33:12+00:00,notification-worker,INFO,Email sent uid=u2922,req-26514861,False,False,2026-07-29,7
2026-07-29 07:37:04+00:00,payment-api,INFO,Payment processed txn=t780130 amount=120000,req-35624104,False,False,2026-07-29,7
2026-07-29 07:37:05+00:00,web-portal,INFO,Request completed path=/report in 849ms,req-32472549,False,False,2026-07-29,7
2026-07-29 07:38:10+00:00,auth-service,WARN,Slow login 900ms uid=u6690,req-68104261,False,False,2026-07-29,7
2026-07-29 07:43:35+00:00,payment-api,INFO,Balance check ok uid=u7283,req-22788187,False,False,2026-07-29,7
2026-07-29 07:44:31+00:00,payment-api,ERROR,ERR ConnTimeout db-primary after 30s retry=3,req-59570909,False,False,2026-07-29,7
2026-07-29 07:46:54+00:00,payment-api,WARN,Retry 1/3 calling notification-worker,req-13143613,False,False,2026-07-29,7
2026-07-29 07:51:11+00:00,auth-service,INFO,User login success uid=u8278,req-66885794,False,False,2026-07-29,7
2026-07-29 07:54:36+00:00,batch-report,INFO,Daily report job started,req-77698729,False,False,2026-07-29,7
2026-07-29 07:56:31+00:00,batch-report,ERROR,ERR NullPointer in ReportBuilder step=aggregate,req-23683207,False,False,2026-07-29,7
2026-07-29 07:58:17+00:00,web-portal,INFO,Request completed path=/home in 387ms,req-36305005,False,False,2026-07-29,7
2026-07-29 08:04:28+00:00,notification-worker,INFO,Email sent uid=u6507,req-50841111,False,False,2026-07-29,8
2026-07-29 08:05:27+00:00,notification-worker,INFO,SMS sent uid=u7203,req-89031028,False,False,2026-07-29,8
2026-07-29 08:08:21+00:00,batch-report,INFO,Daily report job started,req-89483803,False,False,2026-07-29,8
2026-07-29 08:17:05+00:00,auth-service,INFO,Session created uid=u7677,req-28241849,False,False,2026-07-29,8
2026-07-29 08:21:05+00:00,notification-worker,INFO,Email sent uid=u2973,req-67217417,False,False,2026-07-29,8
2026-07-29 08:22:49+00:00,web-portal,WARN,Response time 2100ms path=/report,req-64888712,False,False,2026-07-29,8
2026-07-29 08:29:04+00:00,batch-report,INFO,Daily report job started,req-11482715,False,False,2026-07-29,8
2026-07-29 08:40:03+00:00,batch-report,INFO,Daily report job started,req-79910371,False,False,2026-07-29,8
2026-07-29 08:40:28+00:00,notification-worker,INFO,SMS sent uid=u5521,req-26153687,False,False,2026-07-29,8
2026-07-29 08:42:08+00:00,web-portal,INFO,Request completed path=/home in 866ms,req-63729043,False,False,2026-07-29,8
2026-07-29 08:43:27+00:00,web-portal,INFO,Request completed path=/home in 157ms,req-72387558,False,False,2026-07-29,8
2026-07-29 08:55:50+00:00,web-portal,INFO,Request completed path=/home in 451ms,req-13122340,False,False,2026-07-29,8
2026-07-29 08:56:29+00:00,auth-service,WARN,Slow login 900ms uid=u6087,req-37110707,False,False,2026-07-29,8
2026-07-29 08:57:14+00:00,web-portal,INFO,Request completed path=/report in 510ms,req-27948365,False,False,2026-07-29,8
2026-07-29 08:58:05+00:00,web-portal,INFO,Request completed path=/home in 496ms,req-37307523,False,False,2026-07-29,8
2026-07-29 08:58:09+00:00,auth-service,ERROR,ERR AuthTokenExpired uid=u5550,req-51362065,False,False,2026-07-29,8
2026-07-29 09:00:55+00:00,auth-service,INFO,User login success uid=u4844,req-50924657,False,False,2026-07-29,9
2026-07-29 09:02:27+00:00,payment-api,INFO,Balance check ok uid=u7056,req-53385340,False,False,2026-07-29,9
2026-07-29 09:03:11+00:00,payment-api,INFO,Balance check ok uid=u9570,req-16052535,False,False,2026-07-29,9
2026-07-29 09:10:22+00:00,batch-report,INFO,Daily report job started,req-54566533,False,False,2026-07-29,9
2026-07-29 09:14:07+00:00,payment-api,INFO,Payment processed txn=t749758 amount=990000,req-27748717,False,False,2026-07-29,9
2026-07-29 09:15:32+00:00,auth-service,ERROR,ERR AuthTokenExpired uid=u1916,req-66878965,False,False,2026-07-29,9
2026-07-29 09:16:45+00:00,payment-api,INFO,Balance check ok uid=u2339,req-34099087,False,False,2026-07-29,9
2026-07-29 09:27:26+00:00,payment-api,WARN,Retry 1/3 calling notification-worker,req-70228445,False,False,2026-07-29,9
2026-07-29 09:30:53+00:00,batch-report,INFO,Daily report job started,req-98933292,False,False,2026-07-29,9
2026-07-29 09:31:36+00:00,auth-service,INFO,Session created uid=u9887,req-61489930,False,False,2026-07-29,9
2026-07-29 09:46:30+00:00,payment-api,INFO,Balance check ok uid=u7931,req-68264710,False,False,2026-07-29,9
2026-07-29 09:48:10+00:00,notification-worker,INFO,Email sent uid=u6956,req-16382911,False,False,2026-07-29,9
2026-07-29 09:50:05+00:00,notification-worker,INFO,Email sent uid=u3041,req-54205616,False,False,2026-07-29,9
2026-07-29 09:50:46+00:00,notification-worker,WARN,Queue depth high depth=975,req-10187899,False,False,2026-07-29,9
2026-07-29 09:55:44+00:00,auth-service,ERROR,ERR AuthTokenExpired uid=u3235,req-33620336,False,False,2026-07-29,9
2026-07-29 09:59:34+00:00,web-portal,ERROR,ERR HTTP 502 upstream=payment-api path=/checkout,req-45049006,False,False,2026-07-29,9
2026-07-29 10:01:13+00:00,notification-worker,INFO,SMS sent uid=u8292,req-75661787,False,False,2026-07-29,10
2026-07-29 10:05:58+00:00,notification-worker,INFO,SMS sent uid=u3105,req-61241954,False,False,2026-07-29,10
2026-07-29 10:07:09+00:00,web-portal,INFO,Request completed path=/home in 363ms,req-54923454,False,False,2026-07-29,10
2026-07-29 10:16:50+00:00,batch-report,ERROR,ERR NullPointer in ReportBuilder step=aggregate,req-17264306,False,False,2026-07-29,10
2026-07-29 10:21:01+00:00,payment-api,INFO,Payment processed txn=t513316 amount=250000,req-30639394,False,False,2026-07-29,10
2026-07-29 10:26:25+00:00,payment-api,INFO,Balance check ok uid=u9274,req-58404738,False,False,2026-07-29,10
2026-07-29 10:28:27+00:00,auth-service,INFO,Session created uid=u7834,req-26019511,False,False,2026-07-29,10
2026-07-29 10:35:03+00:00,payment-api,INFO,Payment processed txn=t558600 amount=50000,req-27151649,False,False,2026-07-29,10
2026-07-29 10:38:09+00:00,payment-api,INFO,Payment processed txn=t898977 amount=990000,req-54910261,False,False,2026-07-29,10
2026-07-29 10:44:15+00:00,web-portal,INFO,Request completed path=/home in 672ms,req-90473708,False,False,2026-07-29,10
2026-07-29 10:51:47+00:00,notification-worker,INFO,SMS sent uid=u3051,req-34815495,False,False,2026-07-29,10
2026-07-29 10:53:33+00:00,notification-worker,INFO,SMS sent uid=u8915,req-62830980,False,False,2026-07-29,10
2026-07-29 10:54:12+00:00,web-portal,ERROR,ERR HTTP 502 upstream=payment-api path=/checkout,req-87840078,False,False,2026-07-29,10
2026-07-29 10:57:21+00:00,payment-api,INFO,Payment processed txn=t255362 amount=990000,req-30457766,False,False,2026-07-29,10
2026-07-29 10:58:35+00:00,notification-worker,INFO,SMS sent uid=u8769,req-27157313,False,False,2026-07-29,10
2026-07-29 11:01:14+00:00,notification-worker,INFO,SMS sent uid=u3826,req-72233240,False,False,2026-07-29,11
2026-07-29 11:05:53+00:00,notification-worker,INFO,Email sent uid=u9446,req-17717080,False,False,2026-07-29,11
2026-07-29 11:06:38+00:00,web-portal,INFO,Request completed path=/home in 878ms,req-26418573,False,False,2026-07-29,11
2026-07-29 11:12:25+00:00,batch-report,INFO,Daily report job finished rows=997,req-31791910,False,False,2026-07-29,11
2026-07-29 11:14:47+00:00,batch-report,WARN,Report row mismatch expected=1161 got=993,req-94701730,False,False,2026-07-29,11
2026-07-29 11:19:48+00:00,web-portal,INFO,Request completed path=/report in 190ms,req-56023301,False,False,2026-07-29,11
2026-07-29 11:27:09+00:00,auth-service,INFO,Token refreshed uid=u7165,req-98504649,False,False,2026-07-29,11
2026-07-29 11:27:42+00:00,payment-api,INFO,Balance check ok uid=u7580,req-98607345,False,False,2026-07-29,11
2026-07-29 11:34:40+00:00,notification-worker,INFO,Email sent uid=u7382,req-84044121,False,False,2026-07-29,11
2026-07-29 11:39:31+00:00,auth-service,INFO,Token refreshed uid=u3556,req-48899945,False,False,2026-07-29,11
2026-07-29 11:44:20+00:00,auth-service,INFO,Token refreshed uid=u2601,req-55092789,False,False,2026-07-29,11
2026-07-29 11:49:10+00:00,notification-worker,WARN,Queue depth high depth=1645,req-33721002,False,False,2026-07-29,11
2026-07-29 11:49:43+00:00,notification-worker,INFO,Email sent uid=u7551,req-12839001,False,False,2026-07-29,11
2026-07-29 11:53:50+00:00,batch-report,INFO,Daily report job started,req-74189781,False,False,2026-07-29,11
2026-07-29 11:54:39+00:00,batch-report,INFO,Daily report job started,req-63024581,False,False,2026-07-29,11
2026-07-29 11:59:38+00:00,payment-api,INFO,Payment processed txn=t788047 amount=990000,req-27357063,False,False,2026-07-29,11
2026-07-29 12:08:44+00:00,web-portal,INFO,Request completed path=/home in 114ms,req-22840710,False,False,2026-07-29,12
2026-07-29 12:15:12+00:00,batch-report,INFO,Daily report job finished rows=922,req-99265296,False,False,2026-07-29,12
2026-07-29 12:17:05+00:00,batch-report,ERROR,ERR NullPointer in ReportBuilder step=aggregate,req-19639949,False,False,2026-07-29,12
2026-07-29 12:17:29+00:00,auth-service,INFO,User login success uid=u3781,req-86242300,False,False,2026-07-29,12
2026-07-29 12:17:47+00:00,payment-api,INFO,Payment processed txn=t219505 amount=120000,req-44604301,False,False,2026-07-29,12
2026-07-29 12:19:12+00:00,web-portal,INFO,Request completed path=/home in 285ms,req-98705666,False,False,2026-07-29,12
2026-07-29 12:22:21+00:00,batch-report,INFO,Daily report job finished rows=1185,req-50216625,False,False,2026-07-29,12
2026-07-29 12:27:12+00:00,auth-service,INFO,Session created uid=u3821,req-39844365,False,False,2026-07-29,12
2026-07-29 12:31:04+00:00,web-portal,INFO,Request completed path=/report in 844ms,req-99638670,False,False,2026-07-29,12
2026-07-29 12:31:49+00:00,payment-api,WARN,Retry 1/3 calling notification-worker,req-64215650,False,False,2026-07-29,12
2026-07-29 12:40:56+00:00,batch-report,INFO,Daily report job started,req-36182785,False,False,2026-07-29,12
2026-07-29 12:45:19+00:00,payment-api,ERROR,ERR ConnTimeout db-primary after 30s retry=3,req-24123318,False,False,2026-07-29,12
2026-07-29 12:54:29+00:00,notification-worker,INFO,SMS sent uid=u1145,req-79030673,False,False,2026-07-29,12
2026-07-29 12:56:02+00:00,payment-api,INFO,Balance check ok uid=u1764,req-91106361,False,False,2026-07-29,12
2026-07-29 13:04:20+00:00,payment-api,INFO,Payment processed txn=t972470 amount=250000,req-62088494,False,False,2026-07-29,13
2026-07-29 13:04:27+00:00,web-portal,ERROR,ERR HTTP 502 upstream=payment-api path=/checkout,req-23208247,False,False,2026-07-29,13
2026-07-29 13:09:09+00:00,auth-service,INFO,Token refreshed uid=u5723,req-61644447,False,False,2026-07-29,13
2026-07-29 13:11:56+00:00,auth-service,INFO,Session created uid=u2570,req-79547700,False,False,2026-07-29,13
2026-07-29 13:12:35+00:00,notification-worker,INFO,Email sent uid=u6464,req-23146204,False,False,2026-07-29,13
2026-07-29 13:25:43+00:00,web-portal,INFO,Request completed path=/report in 98ms,req-17329266,False,False,2026-07-29,13
2026-07-29 13:27:33+00:00,auth-service,INFO,Token refreshed uid=u4022,req-60051795,False,False,2026-07-29,13
2026-07-29 13:29:19+00:00,web-portal,INFO,Request completed path=/report in 266ms,req-58025924,False,False,2026-07-29,13
2026-07-29 13:34:51+00:00,auth-service,INFO,Token refreshed uid=u8944,req-77562908,False,False,2026-07-29,13
2026-07-29 13:35:29+00:00,web-portal,INFO,Request completed path=/home in 590ms,req-70631785,False,False,2026-07-29,13
2026-07-29 13:37:14+00:00,web-portal,WARN,Response time 2100ms path=/report,req-69660493,False,False,2026-07-29,13
2026-07-29 13:38:01+00:00,web-portal,INFO,Request completed path=/report in 68ms,req-66607262,False,False,2026-07-29,13
2026-07-29 13:38:25+00:00,batch-report,INFO,Daily report job started,req-55247029,False,False,2026-07-29,13
2026-07-29 13:42:12+00:00,web-portal,INFO,Request completed path=/report in 899ms,req-26745522,False,False,2026-07-29,13
2026-07-29 13:44:16+00:00,payment-api,INFO,Balance check ok uid=u4677,req-21942232,False,False,2026-07-29,13
2026-07-29 13:46:42+00:00,batch-report,INFO,Daily report job finished rows=851,req-63929804,False,False,2026-07-29,13
2026-07-29 13:48:08+00:00,notification-worker,INFO,SMS sent uid=u3793,req-25819626,False,False,2026-07-29,13
2026-07-29 13:51:22+00:00,auth-service,INFO,Token refreshed uid=u2594,req-98750131,False,False,2026-07-29,13
2026-07-29 13:53:00+00:00,batch-report,INFO,Daily report job finished rows=997,req-24581193,False,False,2026-07-29,13
2026-07-29 13:55:18+00:00,batch-report,INFO,Daily report job finished rows=1100,req-41219836,False,False,2026-07-29,13
2026-07-29 14:03:28+00:00,auth-service,INFO,Token refreshed uid=u7108,req-85300576,False,False,2026-07-29,14
2026-07-29 14:08:41+00:00,payment-api,INFO,Payment processed txn=t398776 amount=120000,req-51621092,False,False,2026-07-29,14
2026-07-29 14:09:46+00:00,batch-report,INFO,Daily report job started,req-31311258,False,False,2026-07-29,14
2026-07-29 14:13:19+00:00,batch-report,INFO,Daily report job started,req-37076822,False,False,2026-07-29,14
2026-07-29 14:14:59+00:00,auth-service,INFO,User login success uid=u5315,req-53014471,False,False,2026-07-29,14
2026-07-29 14:18:25+00:00,payment-api,INFO,Payment processed txn=t187336 amount=990000,req-71068817,False,False,2026-07-29,14
2026-07-29 14:19:43+00:00,batch-report,INFO,Daily report job started,req-99477179,False,False,2026-07-29,14
2026-07-29 14:23:40+00:00,notification-worker,INFO,SMS sent uid=u7132,req-24588794,False,False,2026-07-29,14
2026-07-29 14:28:21+00:00,batch-report,INFO,Daily report job started,req-84170763,False,False,2026-07-29,14
2026-07-29 14:31:19+00:00,payment-api,INFO,Payment processed txn=t286657 amount=120000,req-37947183,False,False,2026-07-29,14
2026-07-29 14:32:08+00:00,batch-report,INFO,Daily report job started,req-87327229,False,False,2026-07-29,14
2026-07-29 14:33:56+00:00,notification-worker,INFO,Email sent uid=u8472,req-81927860,False,False,2026-07-29,14
2026-07-29 14:48:50+00:00,web-portal,INFO,Request completed path=/report in 547ms,req-40138350,False,False,2026-07-29,14
2026-07-29 14:49:42+00:00,web-portal,INFO,Request completed path=/report in 225ms,req-50000149,False,False,2026-07-29,14
2026-07-29 14:53:01+00:00,batch-report,INFO,Daily report job finished rows=885,req-21503407,False,False,2026-07-29,14
2026-07-29 14:55:52+00:00,batch-report,INFO,Daily report job finished rows=1059,req-13586013,False,False,2026-07-29,14
2026-07-29 14:57:13+00:00,notification-worker,INFO,Email sent uid=u3029,req-40345988,False,False,2026-07-29,14
2026-07-29 15:04:49+00:00,auth-service,INFO,Session created uid=u3286,req-80504712,False,False,2026-07-29,15
2026-07-29 15:06:41+00:00,batch-report,INFO,Daily report job started,req-86318249,False,False,2026-07-29,15
2026-07-29 15:10:46+00:00,payment-api,ERROR,ERR PaymentDeclined txn=t251357 code=51,req-78878589,False,False,2026-07-29,15
2026-07-29 15:13:35+00:00,notification-worker,INFO,Email sent uid=u5137,req-68535809,False,False,2026-07-29,15
2026-07-29 15:16:49+00:00,notification-worker,INFO,Email sent uid=u3514,req-43218577,False,False,2026-07-29,15
2026-07-29 15:20:03+00:00,auth-service,INFO,Session created uid=u5368,req-86551556,False,False,2026-07-29,15
2026-07-29 15:23:46+00:00,auth-service,ERROR,ERR AuthTokenExpired uid=u4571,req-68985391,False,False,2026-07-29,15
2026-07-29 15:26:19+00:00,batch-report,INFO,Daily report job finished rows=985,req-99345471,False,False,2026-07-29,15
2026-07-29 15:27:46+00:00,auth-service,INFO,User login success uid=u9177,req-57794571,False,False,2026-07-29,15
2026-07-29 15:37:30+00:00,notification-worker,INFO,Email sent uid=u4250,req-35322723,False,False,2026-07-29,15
2026-07-29 15:41:19+00:00,notification-worker,INFO,Email sent uid=u4028,req-23003982,False,False,2026-07-29,15
2026-07-29 15:41:25+00:00,batch-report,INFO,Daily report job finished rows=1160,req-75293067,False,False,2026-07-29,15
2026-07-29 15:43:38+00:00,web-portal,INFO,Request completed path=/report in 738ms,req-70762792,False,False,2026-07-29,15
2026-07-29 15:47:38+00:00,payment-api,INFO,Payment processed txn=t118785 amount=50000,req-98020116,False,False,2026-07-29,15
2026-07-29 15:51:07+00:00,auth-service,WARN,Slow login 900ms uid=u7721,req-45827376,False,False,2026-07-29,15
2026-07-29 15:53:06+00:00,batch-report,INFO,Daily report job started,req-17744982,False,False,2026-07-29,15
2026-07-29 15:54:40+00:00,web-portal,INFO,Request completed path=/report in 580ms,req-22217180,False,False,2026-07-29,15
2026-07-29 15:56:57+00:00,auth-service,INFO,Token refreshed uid=u9563,req-89263249,False,False,2026-07-29,15
2026-07-29 15:57:04+00:00,payment-api,INFO,Balance check ok uid=u4802,req-98175428,False,False,2026-07-29,15
2026-07-29 16:02:05+00:00,web-portal,INFO,Request completed path=/report in 84ms,req-48131375,False,False,2026-07-29,16
2026-07-29 16:05:23+00:00,web-portal,INFO,Request completed path=/home in 107ms,req-85062345,False,False,2026-07-29,16
2026-07-29 16:07:57+00:00,web-portal,INFO,Request completed path=/home in 209ms,req-94571826,False,False,2026-07-29,16
2026-07-29 16:14:55+00:00,batch-report,INFO,Daily report job started,req-24155900,False,False,2026-07-29,16
2026-07-29 16:22:58+00:00,batch-report,INFO,Daily report job finished rows=865,req-77082048,False,False,2026-07-29,16
2026-07-29 16:30:29+00:00,web-portal,INFO,Request completed path=/home in 675ms,req-97365194,False,False,2026-07-29,16
2026-07-29 16:31:56+00:00,web-portal,INFO,Request completed path=/home in 150ms,req-19065665,False,False,2026-07-29,16
2026-07-29 16:32:26+00:00,web-portal,INFO,Request completed path=/home in 43ms,req-72617503,False,False,2026-07-29,16
2026-07-29 16:35:40+00:00,batch-report,WARN,Report row mismatch expected=1182 got=1040,req-90380354,False,False,2026-07-29,16
2026-07-29 16:38:12+00:00,auth-service,INFO,Token refreshed uid=u6111,req-67440042,False,False,2026-07-29,16
2026-07-29 16:39:29+00:00,batch-report,ERROR,ERR NullPointer in ReportBuilder step=aggregate,req-29437798,False,False,2026-07-29,16
2026-07-29 16:40:03+00:00,notification-worker,INFO,SMS sent uid=u3999,req-47020332,False,False,2026-07-29,16
2026-07-29 16:45:14+00:00,payment-api,INFO,Balance check ok uid=u7637,req-63015631,False,False,2026-07-29,16
2026-07-29 16:47:09+00:00,auth-service,INFO,Token refreshed uid=u3219,req-95395644,False,False,2026-07-29,16
2026-07-29 16:47:56+00:00,batch-report,INFO,Daily report job finished rows=896,req-38129989,False,False,2026-07-29,16
2026-07-29 16:52:25+00:00,auth-service,INFO,Session created uid=u4678,req-26666744,False,False,2026-07-29,16
2026-07-29 17:00:28+00:00,payment-api,INFO,Payment processed txn=t221660 amount=990000,req-75122376,False,False,2026-07-29,17
2026-07-29 17:01:03+00:00,web-portal,INFO,Request completed path=/report in 670ms,req-31780851,False,False,2026-07-29,17
2026-07-29 17:18:09+00:00,web-portal,INFO,Request completed path=/report in 556ms,req-99552852,False,False,2026-07-29,17
2026-07-29 17:19:28+00:00,web-portal,INFO,Request completed path=/home in 714ms,req-46904845,False,False,2026-07-29,17
2026-07-29 17:19:55+00:00,auth-service,INFO,Session created uid=u2959,req-29614192,False,False,2026-07-29,17
2026-07-29 17:21:43+00:00,notification-worker,INFO,SMS sent uid=u3090,req-98256603,False,False,2026-07-29,17
2026-07-29 17:34:44+00:00,notification-worker,INFO,Email sent uid=u7864,req-48877018,False,False,2026-07-29,17
2026-07-29 17:39:36+00:00,payment-api,INFO,Balance check ok uid=u8724,req-86427662,False,False,2026-07-29,17
2026-07-29 17:41:20+00:00,auth-service,ERROR,ERR AuthTokenExpired uid=u1326,req-64627534,False,False,2026-07-29,17
2026-07-29 17:48:58+00:00,auth-service,INFO,Token refreshed uid=u9147,req-19157497,False,False,2026-07-29,17
2026-07-29 17:51:37+00:00,auth-service,INFO,Session created uid=u9837,req-78006116,False,False,2026-07-29,17
2026-07-29 17:51:42+00:00,auth-service,INFO,Session created uid=u1691,req-85065432,False,False,2026-07-29,17
2026-07-29 17:54:11+00:00,batch-report,INFO,Daily report job started,req-65947629,False,False,2026-07-29,17
2026-07-29 17:56:37+00:00,web-portal,INFO,Request completed path=/report in 880ms,req-47224958,False,False,2026-07-29,17
2026-07-29 17:56:56+00:00,payment-api,INFO,Balance check ok uid=u2843,req-48133464,False,False,2026-07-29,17
2026-07-29 17:57:05+00:00,auth-service,INFO,Token refreshed uid=u2093,req-44616300,False,False,2026-07-29,17
2026-07-29 17:59:29+00:00,payment-api,INFO,Balance check ok uid=u2941,req-76326127,False,False,2026-07-29,17
2026-07-29 18:00:52+00:00,payment-api,INFO,Payment processed txn=t570103 amount=990000,req-72980385,False,False,2026-07-29,18
2026-07-29 18:00:53+00:00,web-portal,WARN,Response time 2100ms path=/report,req-37809859,False,False,2026-07-29,18
2026-07-29 18:01:23+00:00,batch-report,WARN,Report row mismatch expected=970 got=778,req-40208616,False,False,2026-07-29,18
2026-07-29 18:04:30+00:00,auth-service,ERROR,ERR AuthTokenExpired uid=u2478,req-62338292,False,False,2026-07-29,18
2026-07-29 18:06:53+00:00,web-portal,WARN,Response time 2100ms path=/report,req-45651567,False,False,2026-07-29,18
2026-07-29 18:10:32+00:00,payment-api,INFO,Payment processed txn=t884149 amount=250000,req-92266282,False,False,2026-07-29,18
2026-07-29 18:13:47+00:00,batch-report,INFO,Daily report job started,req-61544630,False,False,2026-07-29,18
2026-07-29 18:17:58+00:00,batch-report,INFO,Daily report job started,req-35754346,False,False,2026-07-29,18
2026-07-29 18:18:18+00:00,auth-service,INFO,Token refreshed uid=u6563,req-95287876,False,False,2026-07-29,18
2026-07-29 18:20:36+00:00,notification-worker,WARN,Queue depth high depth=1599,req-84108442,False,False,2026-07-29,18
2026-07-29 18:22:59+00:00,auth-service,INFO,User login success uid=u2119,req-47830178,False,False,2026-07-29,18
2026-07-29 18:25:41+00:00,notification-worker,INFO,Email sent uid=u5891,req-50345846,False,False,2026-07-29,18
2026-07-29 18:28:29+00:00,batch-report,INFO,Daily report job started,req-42873271,False,False,2026-07-29,18
2026-07-29 18:35:32+00:00,payment-api,INFO,Payment processed txn=t533082 amount=50000,req-44008132,False,False,2026-07-29,18
2026-07-29 18:48:12+00:00,payment-api,ERROR,ERR PaymentDeclined txn=t962813 code=51,req-65304811,False,False,2026-07-29,18
2026-07-29 18:49:20+00:00,payment-api,INFO,Balance check ok uid=u6128,req-84581396,False,False,2026-07-29,18
2026-07-29 18:52:45+00:00,batch-report,INFO,Daily report job started,req-77195678,False,False,2026-07-29,18
2026-07-29 18:54:44+00:00,notification-worker,INFO,Email sent uid=u5807,req-80151077,False,False,2026-07-29,18
2026-07-29 18:55:50+00:00,auth-service,INFO,Session created uid=u9064,req-75800289,False,False,2026-07-29,18
2026-07-29 18:56:04+00:00,batch-report,INFO,Daily report job started,req-72653244,False,False,2026-07-29,18
2026-07-29 18:57:15+00:00,notification-worker,INFO,SMS sent uid=u4748,req-22098465,False,False,2026-07-29,18
2026-07-29 18:59:10+00:00,batch-report,INFO,Daily report job finished rows=803,req-19393216,False,False,2026-07-29,18
2026-07-29 19:01:03+00:00,batch-report,INFO,Daily report job started,req-91117376,False,False,2026-07-29,19
2026-07-29 19:09:05+00:00,payment-api,INFO,Payment processed txn=t536646 amount=50000,req-54111700,False,False,2026-07-29,19
2026-07-29 19:11:05+00:00,web-portal,INFO,Request completed path=/home in 161ms,req-35453201,False,False,2026-07-29,19
2026-07-29 19:13:40+00:00,notification-worker,INFO,Email sent uid=u1693,req-40208193,False,False,2026-07-29,19
2026-07-29 19:14:06+00:00,payment-api,INFO,Payment processed txn=t542503 amount=250000,req-73530347,False,False,2026-07-29,19
2026-07-29 19:22:49+00:00,batch-report,INFO,Daily report job started,req-96035199,False,False,2026-07-29,19
2026-07-29 19:23:23+00:00,web-portal,INFO,Request completed path=/home in 365ms,req-16200213,False,False,2026-07-29,19
2026-07-29 19:29:44+00:00,web-portal,INFO,Request completed path=/home in 375ms,req-26972976,False,False,2026-07-29,19
2026-07-29 19:30:32+00:00,auth-service,INFO,User login success uid=u4507,req-40317902,False,False,2026-07-29,19
2026-07-29 19:33:22+00:00,auth-service,INFO,User login success uid=u1070,req-59185834,False,False,2026-07-29,19
2026-07-29 19:35:33+00:00,web-portal,INFO,Request completed path=/report in 591ms,req-26564560,False,False,2026-07-29,19
2026-07-29 19:38:08+00:00,batch-report,INFO,Daily report job started,req-91612860,False,False,2026-07-29,19
2026-07-29 19:39:21+00:00,auth-service,INFO,Token refreshed uid=u3663,req-29513094,False,False,2026-07-29,19
2026-07-29 19:39:30+00:00,payment-api,WARN,Slow query 1200ms table=tx_history,req-18045780,False,False,2026-07-29,19
2026-07-29 20:03:35+00:00,auth-service,INFO,Session created uid=u2914,req-69857441,False,False,2026-07-29,20
2026-07-29 20:05:21+00:00,notification-worker,INFO,Email sent uid=u3134,req-80982664,False,False,2026-07-29,20
2026-07-29 20:07:43+00:00,batch-report,INFO,Daily report job started,req-60351362,False,False,2026-07-29,20
2026-07-29 20:14:11+00:00,auth-service,INFO,User login success uid=u8571,req-48851088,False,False,2026-07-29,20
2026-07-29 20:23:35+00:00,web-portal,INFO,Request completed path=/report in 696ms,req-53352227,False,False,2026-07-29,20
2026-07-29 20:25:37+00:00,web-portal,INFO,Request completed path=/report in 237ms,req-17096679,False,False,2026-07-29,20
2026-07-29 20:28:44+00:00,payment-api,INFO,Payment processed txn=t631948 amount=50000,req-58538289,False,False,2026-07-29,20
2026-07-29 20:36:42+00:00,auth-service,WARN,Slow login 900ms uid=u1981,req-30196097,False,False,2026-07-29,20
2026-07-29 20:36:49+00:00,notification-worker,INFO,Email sent uid=u1996,req-78919151,False,False,2026-07-29,20
2026-07-29 20:44:07+00:00,batch-report,INFO,Daily report job finished rows=887,req-33841913,False,False,2026-07-29,20
2026-07-29 20:44:58+00:00,web-portal,INFO,Request completed path=/report in 236ms,req-92470962,False,False,2026-07-29,20
2026-07-29 20:49:09+00:00,web-portal,INFO,Request completed path=/home in 746ms,req-43552306,False,False,2026-07-29,20
2026-07-29 20:50:30+00:00,payment-api,WARN,Retry 1/3 calling notification-worker,req-94254420,False,False,2026-07-29,20
2026-07-29 20:52:12+00:00,web-portal,INFO,Request completed path=/home in 403ms,req-34954217,False,False,2026-07-29,20
2026-07-29 20:55:08+00:00,payment-api,WARN,Slow query 1200ms table=tx_history,req-50845544,False,False,2026-07-29,20
2026-07-29 21:04:42+00:00,web-portal,INFO,Request completed path=/report in 74ms,req-27117564,False,False,2026-07-29,21
2026-07-29 21:08:05+00:00,payment-api,INFO,Payment processed txn=t372935 amount=120000,req-72825287,False,False,2026-07-29,21
2026-07-29 21:20:18+00:00,batch-report,INFO,Daily report job finished rows=1172,req-24666517,False,False,2026-07-29,21
2026-07-29 21:21:21+00:00,notification-worker,INFO,Email sent uid=u4120,req-93082165,False,False,2026-07-29,21
2026-07-29 21:22:13+00:00,batch-report,INFO,Daily report job finished rows=878,req-86261289,False,False,2026-07-29,21
2026-07-29 21:23:23+00:00,batch-report,INFO,Daily report job finished rows=903,req-69825080,False,False,2026-07-29,21
2026-07-29 21:25:01+00:00,payment-api,ERROR,ERR PaymentDeclined txn=t916656 code=51,req-69066531,False,False,2026-07-29,21
2026-07-29 21:27:31+00:00,auth-service,INFO,Session created uid=u4033,req-38759369,False,False,2026-07-29,21
2026-07-29 21:29:00+00:00,batch-report,WARN,Report row mismatch expected=963 got=1094,req-26952687,False,False,2026-07-29,21
2026-07-29 21:35:28+00:00,payment-api,INFO,Payment processed txn=t938366 amount=250000,req-34412762,False,False,2026-07-29,21
2026-07-29 21:35:48+00:00,auth-service,INFO,Session created uid=u1971,req-99601933,False,False,2026-07-29,21
2026-07-29 21:36:17+00:00,notification-worker,INFO,SMS sent uid=u8107,req-63236763,False,False,2026-07-29,21
2026-07-29 21:37:38+00:00,payment-api,INFO,Payment processed txn=t931145 amount=250000,req-44987861,False,False,2026-07-29,21
2026-07-29 21:44:21+00:00,notification-worker,INFO,SMS sent uid=u1131,req-67572954,False,False,2026-07-29,21
2026-07-29 21:46:03+00:00,web-portal,INFO,Request completed path=/report in 399ms,req-78495121,False,False,2026-07-29,21
2026-07-29 21:54:12+00:00,payment-api,ERROR,ERR ConnTimeout db-primary after 30s retry=3,req-80166008,False,False,2026-07-29,21
2026-07-29 21:57:38+00:00,auth-service,INFO,Token refreshed uid=u7626,req-26400072,False,False,2026-07-29,21
2026-07-29 21:58:04+00:00,batch-report,INFO,Daily report job started,req-48093356,False,False,2026-07-29,21
2026-07-29 22:03:16+00:00,payment-api,INFO,Payment processed txn=t205805 amount=990000,req-84736526,False,False,2026-07-29,22
2026-07-29 22:04:12+00:00,notification-worker,INFO,SMS sent uid=u9818,req-41823071,False,False,2026-07-29,22
2026-07-29 22:09:54+00:00,web-portal,INFO,Request completed path=/home in 728ms,req-75629343,False,False,2026-07-29,22
2026-07-29 22:26:26+00:00,batch-report,INFO,Daily report job started,req-93183615,False,False,2026-07-29,22
2026-07-29 22:26:41+00:00,notification-worker,INFO,Email sent uid=u4270,req-95001425,False,False,2026-07-29,22
2026-07-29 22:29:11+00:00,notification-worker,INFO,Email sent uid=u3498,req-45370495,False,False,2026-07-29,22
2026-07-29 22:30:48+00:00,batch-report,INFO,Daily report job finished rows=896,req-12232081,False,False,2026-07-29,22
2026-07-29 22:38:26+00:00,payment-api,INFO,Payment processed txn=t396177 amount=50000,req-36774319,False,False,2026-07-29,22
2026-07-29 22:42:44+00:00,payment-api,INFO,Balance check ok uid=u5342,req-44805028,False,False,2026-07-29,22
2026-07-29 22:48:01+00:00,notification-worker,WARN,Queue depth high depth=1335,req-88069593,False,False,2026-07-29,22
2026-07-29 22:51:32+00:00,auth-service,WARN,Slow login 900ms uid=u9457,req-45961754,False,False,2026-07-29,22
2026-07-29 23:02:07+00:00,notification-worker,WARN,Queue depth high depth=1047,req-64806853,False,False,2026-07-29,23
2026-07-29 23:07:57+00:00,batch-report,INFO,Daily report job started,req-88522325,False,False,2026-07-29,23
2026-07-29 23:15:37+00:00,batch-report,INFO,Daily report job started,req-63240727,False,False,2026-07-29,23
2026-07-29 23:26:34+00:00,payment-api,WARN,Retry 1/3 calling notification-worker,req-36480587,False,False,2026-07-29,23
2026-07-29 23:26:48+00:00,batch-report,INFO,Daily report job started,req-68648080,False,False,2026-07-29,23
2026-07-29 23:29:10+00:00,web-portal,WARN,Response time 2100ms path=/report,req-60181152,False,False,2026-07-29,23
2026-07-29 23:29:53+00:00,auth-service,ERROR,ERR AuthTokenExpired uid=u1570,req-84185883,False,False,2026-07-29,23
2026-07-29 23:31:18+00:00,auth-service,WARN,Slow login 900ms uid=u3631,req-35758531,False,False,2026-07-29,23
2026-07-29 23:35:40+00:00,batch-report,INFO,Daily report job finished rows=1175,req-42514108,False,False,2026-07-29,23
2026-07-29 23:53:39+00:00,notification-worker,INFO,SMS sent uid=u8198,req-58215939,False,False,2026-07-29,23
2026-07-29 23:56:10+00:00,auth-service,ERROR,ERR AuthTokenExpired uid=u2479,req-26192377,False,False,2026-07-29,23
2026-07-30 00:01:24+00:00,payment-api,INFO,Balance check ok uid=u1817,req-99298543,False,False,2026-07-30,0
2026-07-30 00:07:17+00:00,web-portal,INFO,Request completed path=/report in 821ms,req-23196701,False,False,2026-07-30,0
2026-07-30 00:08:01+00:00,auth-service,INFO,Session created uid=u8381,req-23078988,False,False,2026-07-30,0
2026-07-30 00:10:48+00:00,web-portal,INFO,Request completed path=/report in 142ms,req-38520176,False,False,2026-07-30,0
2026-07-30 00:11:02+00:00,web-portal,INFO,Request completed path=/report in 840ms,req-46878825,False,False,2026-07-30,0
2026-07-30 00:11:26+00:00,payment-api,WARN,Slow query 1200ms table=tx_history,req-55729498,False,False,2026-07-30,0
2026-07-30 00:13:00+00:00,payment-api,INFO,Balance check ok uid=u8582,req-46262253,False,False,2026-07-30,0
2026-07-30 00:15:11+00:00,web-portal,INFO,Request completed path=/home in 242ms,req-68369685,False,False,2026-07-30,0
2026-07-30 00:15:51+00:00,batch-report,INFO,Daily report job started,req-51605042,False,False,2026-07-30,0
2026-07-30 00:18:56+00:00,notification-worker,ERROR,ERR SMTPConnRefused host=mail-gw,req-38589967,False,False,2026-07-30,0
2026-07-30 00:20:31+00:00,auth-service,INFO,User login success uid=u2742,req-74481609,False,False,2026-07-30,0
2026-07-30 00:28:23+00:00,payment-api,ERROR,ERR ConnTimeout db-primary after 30s retry=3,req-43962179,False,False,2026-07-30,0
2026-07-30 00:28:40+00:00,payment-api,INFO,Payment processed txn=t590891 amount=990000,req-38006066,False,False,2026-07-30,0
2026-07-30 00:29:47+00:00,payment-api,ERROR,ERR ConnTimeout db-primary after 30s retry=3,req-63410254,False,False,2026-07-30,0
2026-07-30 00:32:32+00:00,payment-api,ERROR,ERR ConnTimeout db-primary after 30s retry=3,req-34238846,False,False,2026-07-30,0
2026-07-30 00:36:14+00:00,payment-api,INFO,Payment processed txn=t296114 amount=250000,req-70752435,False,False,2026-07-30,0
2026-07-30 00:37:36+00:00,payment-api,ERROR,ERR ConnTimeout db-primary after 30s retry=3,req-70702699,False,False,2026-07-30,0
2026-07-30 00:41:10+00:00,payment-api,ERROR,ERR ConnTimeout db-primary after 30s retry=3,req-34753345,False,False,2026-07-30,0
2026-07-30 00:43:30+00:00,payment-api,ERROR,ERR ConnTimeout db-primary after 30s retry=3,req-57338677,False,False,2026-07-30,0
2026-07-30 00:43:35+00:00,notification-worker,ERROR,ERR SMTPConnRefused host=mail-gw,req-86072327,False,False,2026-07-30,0
2026-07-30 00:46:55+00:00,batch-report,INFO,Daily report job finished rows=1119,req-12532910,False,False,2026-07-30,0
2026-07-30 00:47:30+00:00,web-portal,INFO,Request completed path=/home in 647ms,req-63597632,False,False,2026-07-30,0
2026-07-30 00:49:14+00:00,payment-api,ERROR,ERR ConnTimeout db-primary after 30s retry=3,req-19120472,False,False,2026-07-30,0
2026-07-30 00:50:07+00:00,auth-service,INFO,User login success uid=u7929,req-19295792,False,False,2026-07-30,0
2026-07-30 00:54:22+00:00,payment-api,ERROR,ERR ConnTimeout db-primary after 30s retry=3,req-24622813,False,False,2026-07-30,0
2026-07-30 00:55:17+00:00,notification-worker,INFO,SMS sent uid=u8217,req-31622207,False,False,2026-07-30,0
2026-07-30 00:55:32+00:00,batch-report,INFO,Daily report job finished rows=825,req-63576791,False,False,2026-07-30,0
2026-07-30 00:57:20+00:00,auth-service,WARN,Slow login 900ms uid=u3512,req-52610231,False,False,2026-07-30,0
2026-07-30 00:57:33+00:00,auth-service,INFO,Session created uid=u7958,req-19901281,False,False,2026-07-30,0
2026-07-30 00:57:34+00:00,notification-worker,INFO,SMS sent uid=u9101,req-29512130,False,False,2026-07-30,0
2026-07-30 00:59:44+00:00,payment-api,ERROR,ERR ConnTimeout db-primary after 30s retry=3,req-59598894,False,False,2026-07-30,0
2026-07-30 01:00:46+00:00,auth-service,WARN,Slow login 900ms uid=u9907,req-70895423,False,False,2026-07-30,1
2026-07-30 01:04:24+00:00,notification-worker,INFO,Email sent uid=u9109,req-87041363,False,False,2026-07-30,1
2026-07-30 01:04:29+00:00,payment-api,WARN,Slow query 1200ms table=tx_history,req-53440826,False,False,2026-07-30,1
2026-07-30 01:07:28+00:00,web-portal,INFO,Request completed path=/home in 510ms,req-69546123,False,False,2026-07-30,1
2026-07-30 01:08:25+00:00,auth-service,INFO,Session created uid=u7230,req-17258161,False,False,2026-07-30,1
2026-07-30 01:10:12+00:00,payment-api,INFO,Payment processed txn=t471858 amount=120000,req-66715484,False,False,2026-07-30,1
2026-07-30 01:13:44+00:00,payment-api,ERROR,ERR ConnTimeout db-primary after 30s retry=3,req-91838954,False,False,2026-07-30,1
2026-07-30 01:23:26+00:00,web-portal,INFO,Request completed path=/home in 762ms,req-21116532,False,False,2026-07-30,1
2026-07-30 01:27:05+00:00,batch-report,WARN,Report row mismatch expected=1093 got=1142,req-15003131,False,False,2026-07-30,1
2026-07-30 01:28:46+00:00,web-portal,INFO,Request completed path=/report in 79ms,req-61259494,False,False,2026-07-30,1
2026-07-30 01:29:27+00:00,payment-api,INFO,Balance check ok uid=u4560,req-67756952,False,False,2026-07-30,1
2026-07-30 01:29:47+00:00,payment-api,INFO,Payment processed txn=t835928 amount=250000,req-71072780,False,False,2026-07-30,1
2026-07-30 01:32:22+00:00,payment-api,ERROR,ERR ConnTimeout db-primary after 30s retry=3,req-14533608,False,False,2026-07-30,1
2026-07-30 01:33:07+00:00,payment-api,INFO,Balance check ok uid=u6811,req-31248616,False,False,2026-07-30,1
2026-07-30 01:43:07+00:00,notification-worker,INFO,Email sent uid=u5963,req-78232914,False,False,2026-07-30,1
2026-07-30 01:46:40+00:00,web-portal,INFO,Request completed path=/home in 260ms,req-46881253,False,False,2026-07-30,1
2026-07-30 01:53:02+00:00,auth-service,ERROR,ERR AuthTokenExpired uid=u5505,req-23880694,False,False,2026-07-30,1
2026-07-30 01:54:40+00:00,payment-api,INFO,Payment processed txn=t923073 amount=50000,req-20071990,False,False,2026-07-30,1
2026-07-30 01:56:04+00:00,payment-api,INFO,Payment processed txn=t703172 amount=250000,req-46971545,False,False,2026-07-30,1
2026-07-30 01:59:20+00:00,payment-api,ERROR,ERR ConnTimeout db-primary after 30s retry=3,req-51407598,False,False,2026-07-30,1
2026-07-30 02:02:16+00:00,web-portal,ERROR,ERR HTTP 502 upstream=payment-api path=/checkout,req-97349865,False,False,2026-07-30,2
2026-07-30 02:04:46+00:00,payment-api,ERROR,ERR ConnTimeout db-primary after 30s retry=3,req-72210257,False,False,2026-07-30,2
2026-07-30 02:05:00+00:00,payment-api,ERROR,ERR ConnTimeout db-primary after 30s retry=3,req-33323144,False,False,2026-07-30,2
2026-07-30 02:09:34+00:00,batch-report,INFO,Daily report job finished rows=1075,req-48149420,False,False,2026-07-30,2
2026-07-30 02:19:05+00:00,web-portal,ERROR,ERR HTTP 502 upstream=payment-api path=/checkout,req-88608288,False,False,2026-07-30,2
2026-07-30 02:19:54+00:00,payment-api,ERROR,ERR ConnTimeout db-primary after 30s retry=3,req-27075512,False,False,2026-07-30,2
2026-07-30 02:20:50+00:00,auth-service,INFO,Token refreshed uid=u6198,req-25344634,False,False,2026-07-30,2
2026-07-30 02:22:53+00:00,notification-worker,INFO,SMS sent uid=u5523,req-75875378,False,False,2026-07-30,2
2026-07-30 02:24:13+00:00,notification-worker,ERROR,ERR SMTPConnRefused host=mail-gw,req-33517361,False,False,2026-07-30,2
2026-07-30 02:31:18+00:00,batch-report,INFO,Daily report job finished rows=906,req-31916266,False,False,2026-07-30,2
2026-07-30 02:33:42+00:00,web-portal,INFO,Request completed path=/report in 772ms,req-13183661,False,False,2026-07-30,2
2026-07-30 02:38:41+00:00,payment-api,INFO,Payment processed txn=t788866 amount=250000,req-26415312,False,False,2026-07-30,2
2026-07-30 02:39:23+00:00,notification-worker,INFO,SMS sent uid=u4335,req-16071188,False,False,2026-07-30,2
2026-07-30 02:41:50+00:00,payment-api,ERROR,ERR ConnTimeout db-primary after 30s retry=3,req-52617779,False,False,2026-07-30,2
2026-07-30 02:48:53+00:00,payment-api,ERROR,ERR ConnTimeout db-primary after 30s retry=3,req-16903019,False,False,2026-07-30,2
2026-07-30 02:49:18+00:00,payment-api,ERROR,ERR PaymentDeclined txn=t233465 code=51,req-32306580,False,False,2026-07-30,2
2026-07-30 02:55:34+00:00,web-portal,INFO,Request completed path=/report in 487ms,req-30688043,False,False,2026-07-30,2
2026-07-30 02:56:03+00:00,payment-api,ERROR,ERR ConnTimeout db-primary after 30s retry=3,req-76652083,False,False,2026-07-30,2
2026-07-30 02:59:58+00:00,notification-worker,INFO,SMS sent uid=u9035,req-91827614,False,False,2026-07-30,2
2026-07-30 03:03:15+00:00,payment-api,ERROR,ERR ConnTimeout db-primary after 30s retry=3,req-41196194,False,False,2026-07-30,3
2026-07-30 03:03:25+00:00,web-portal,INFO,Request completed path=/report in 322ms,req-64928808,False,False,2026-07-30,3
2026-07-30 03:05:15+00:00,auth-service,INFO,Token refreshed uid=u1710,req-90478491,False,False,2026-07-30,3
2026-07-30 03:07:28+00:00,auth-service,INFO,User login success uid=u3953,req-63891165,False,False,2026-07-30,3
2026-07-30 03:07:52+00:00,payment-api,INFO,Payment processed txn=t249573 amount=120000,req-49030787,False,False,2026-07-30,3
2026-07-30 03:13:10+00:00,payment-api,INFO,Balance check ok uid=u3303,req-60078131,False,False,2026-07-30,3
2026-07-30 03:14:08+00:00,batch-report,ERROR,ERR NullPointer in ReportBuilder step=aggregate,req-95825759,False,False,2026-07-30,3
2026-07-30 03:15:01+00:00,payment-api,INFO,Payment processed txn=t496129 amount=50000,req-70299910,False,False,2026-07-30,3
2026-07-30 03:18:43+00:00,web-portal,INFO,Request completed path=/report in 605ms,req-31659959,False,False,2026-07-30,3
2026-07-30 03:21:56+00:00,auth-service,INFO,User login success uid=u8021,req-74642647,False,False,2026-07-30,3
2026-07-30 03:27:04+00:00,batch-report,INFO,Daily report job started,req-98499057,False,False,2026-07-30,3
2026-07-30 03:30:48+00:00,batch-report,INFO,Daily report job finished rows=1200,req-96207066,False,False,2026-07-30,3
2026-07-30 03:32:10+00:00,web-portal,WARN,Response time 2100ms path=/report,req-44896549,False,False,2026-07-30,3
2026-07-30 03:32:43+00:00,auth-service,INFO,Session created uid=u6428,req-88809362,False,False,2026-07-30,3
2026-07-30 03:34:23+00:00,payment-api,INFO,Balance check ok uid=u5280,req-87600317,False,False,2026-07-30,3
2026-07-30 03:35:50+00:00,batch-report,ERROR,ERR NullPointer in ReportBuilder step=aggregate,req-58128991,False,False,2026-07-30,3
2026-07-30 03:37:31+00:00,auth-service,WARN,Slow login 900ms uid=u3069,req-94197247,False,False,2026-07-30,3
2026-07-30 03:37:50+00:00,notification-worker,INFO,Email sent uid=u9153,req-98380763,False,False,2026-07-30,3
2026-07-30 03:38:42+00:00,batch-report,INFO,Daily report job started,req-73845946,False,False,2026-07-30,3
2026-07-30 03:44:46+00:00,payment-api,INFO,Balance check ok uid=u6105,req-66873060,False,False,2026-07-30,3
2026-07-30 03:44:49+00:00,batch-report,INFO,Daily report job finished rows=1144,req-30990005,False,False,2026-07-30,3
2026-07-30 03:46:19+00:00,payment-api,INFO,Payment processed txn=t125854 amount=990000,req-50255085,False,False,2026-07-30,3
2026-07-30 03:48:57+00:00,notification-worker,INFO,SMS sent uid=u4732,req-40059912,False,False,2026-07-30,3
2026-07-30 03:52:04+00:00,payment-api,ERROR,ERR ConnTimeout db-primary after 30s retry=3,req-88045796,False,False,2026-07-30,3
2026-07-30 04:00:35+00:00,auth-service,INFO,User login success uid=u4678,req-25884798,False,False,2026-07-30,4
2026-07-30 04:06:19+00:00,payment-api,INFO,Balance check ok uid=u5422,req-98498728,False,False,2026-07-30,4
2026-07-30 04:07:15+00:00,payment-api,ERROR,ERR ConnTimeout db-primary after 30s retry=3,req-65830504,False,False,2026-07-30,4
2026-07-30 04:08:18+00:00,payment-api,ERROR,ERR ConnTimeout db-primary after 30s retry=3,req-75389988,False,False,2026-07-30,4
2026-07-30 04:10:04+00:00,payment-api,WARN,Retry 1/3 calling notification-worker,req-94730853,False,False,2026-07-30,4
2026-07-30 04:10:35+00:00,payment-api,INFO,Payment processed txn=t100037 amount=120000,req-43179439,False,False,2026-07-30,4
2026-07-30 04:17:22+00:00,batch-report,INFO,Daily report job finished rows=895,req-75411700,False,False,2026-07-30,4
2026-07-30 04:17:45+00:00,payment-api,ERROR,ERR ConnTimeout db-primary after 30s retry=3,req-41966664,False,False,2026-07-30,4
2026-07-30 04:18:58+00:00,payment-api,ERROR,ERR ConnTimeout db-primary after 30s retry=3,req-48718971,False,False,2026-07-30,4
2026-07-30 04:20:53+00:00,web-portal,INFO,Request completed path=/report in 361ms,req-47242488,False,False,2026-07-30,4
2026-07-30 04:23:52+00:00,payment-api,ERROR,ERR ConnTimeout db-primary after 30s retry=3,req-67904194,False,False,2026-07-30,4
2026-07-30 04:30:06+00:00,payment-api,ERROR,ERR ConnTimeout db-primary after 30s retry=3,req-21397317,False,False,2026-07-30,4
2026-07-30 04:33:21+00:00,auth-service,INFO,Token refreshed uid=u4471,req-91212919,False,False,2026-07-30,4
2026-07-30 04:37:51+00:00,payment-api,ERROR,ERR ConnTimeout db-primary after 30s retry=3,req-90730565,False,False,2026-07-30,4
2026-07-30 04:41:14+00:00,web-portal,INFO,Request completed path=/report in 51ms,req-66701227,False,False,2026-07-30,4
2026-07-30 04:41:31+00:00,auth-service,WARN,Slow login 900ms uid=u7396,req-68707047,False,False,2026-07-30,4
2026-07-30 04:41:33+00:00,notification-worker,INFO,SMS sent uid=u4653,req-18925521,False,False,2026-07-30,4
2026-07-30 04:42:43+00:00,payment-api,WARN,Retry 1/3 calling notification-worker,req-19069088,False,False,2026-07-30,4
2026-07-30 04:43:45+00:00,web-portal,INFO,Request completed path=/home in 132ms,req-56453084,False,False,2026-07-30,4
2026-07-30 04:51:19+00:00,notification-worker,INFO,SMS sent uid=u7492,req-54363421,False,False,2026-07-30,4
2026-07-30 04:55:57+00:00,notification-worker,INFO,SMS sent uid=u8338,req-68403344,False,False,2026-07-30,4
2026-07-30 04:57:58+00:00,payment-api,INFO,Balance check ok uid=u4662,req-75089577,False,False,2026-07-30,4
2026-07-30 04:59:34+00:00,payment-api,ERROR,ERR ConnTimeout db-primary after 30s retry=3,req-59981337,False,False,2026-07-30,4
2026-07-30 05:03:04+00:00,payment-api,INFO,Payment processed txn=t438542 amount=990000,req-59510172,False,False,2026-07-30,5
2026-07-30 05:05:52+00:00,web-portal,WARN,Response time 2100ms path=/report,req-85636982,False,False,2026-07-30,5
2026-07-30 05:06:18+00:00,batch-report,INFO,Daily report job started,req-98711501,False,False,2026-07-30,5
2026-07-30 05:10:07+00:00,payment-api,ERROR,ERR ConnTimeout db-primary after 30s retry=3,req-12857448,False,False,2026-07-30,5
2026-07-30 05:12:08+00:00,payment-api,ERROR,ERR PaymentDeclined txn=t687712 code=51,req-26138312,False,False,2026-07-30,5
2026-07-30 05:12:17+00:00,batch-report,INFO,Daily report job started,req-86784181,False,False,2026-07-30,5
2026-07-30 05:15:58+00:00,web-portal,INFO,Request completed path=/home in 393ms,req-80270865,False,False,2026-07-30,5
2026-07-30 05:23:18+00:00,payment-api,INFO,Balance check ok uid=u7771,req-42282510,False,False,2026-07-30,5
2026-07-30 05:32:29+00:00,batch-report,INFO,Daily report job finished rows=1094,req-80828569,False,False,2026-07-30,5
2026-07-30 05:33:36+00:00,notification-worker,INFO,Email sent uid=u6592,req-62520989,False,False,2026-07-30,5
2026-07-30 05:34:26+00:00,notification-worker,INFO,SMS sent uid=u5780,req-55082208,False,False,2026-07-30,5
2026-07-30 05:37:22+00:00,web-portal,WARN,Response time 2100ms path=/report,req-13758727,False,False,2026-07-30,5
2026-07-30 05:40:08+00:00,web-portal,INFO,Request completed path=/report in 759ms,req-37843059,False,False,2026-07-30,5
2026-07-30 05:45:46+00:00,notification-worker,ERROR,ERR SMTPConnRefused host=mail-gw,req-99103000,False,False,2026-07-30,5
2026-07-30 05:48:18+00:00,batch-report,INFO,Daily report job finished rows=979,req-47073335,False,False,2026-07-30,5
2026-07-30 05:50:13+00:00,notification-worker,INFO,SMS sent uid=u7030,req-71731037,False,False,2026-07-30,5
2026-07-30 05:50:49+00:00,batch-report,ERROR,ERR NullPointer in ReportBuilder step=aggregate,req-33093235,False,False,2026-07-30,5
2026-07-30 05:55:49+00:00,batch-report,INFO,Daily report job started,req-65717519,False,False,2026-07-30,5
2026-07-30 05:56:21+00:00,batch-report,INFO,Daily report job finished rows=955,req-55960407,False,False,2026-07-30,5
2026-07-30 05:58:19+00:00,web-portal,INFO,Request completed path=/home in 651ms,req-36637137,False,False,2026-07-30,5
2026-07-30 05:58:41+00:00,payment-api,INFO,Balance check ok uid=u6032,req-24790683,False,False,2026-07-30,5
2026-07-30 06:00:03+00:00,payment-api,ERROR,ERR ConnTimeout db-primary after 30s retry=3,req-69014061,False,False,2026-07-30,6
2026-07-30 06:04:40+00:00,payment-api,ERROR,ERR ConnTimeout db-primary after 30s retry=3,req-84751326,False,False,2026-07-30,6
2026-07-30 06:09:05+00:00,web-portal,INFO,Request completed path=/home in 185ms,req-38197129,False,False,2026-07-30,6
2026-07-30 06:12:16+00:00,auth-service,WARN,Slow login 900ms uid=u8045,req-16923083,False,False,2026-07-30,6
2026-07-30 06:13:37+00:00,payment-api,INFO,Payment processed txn=t464519 amount=250000,req-22649023,False,False,2026-07-30,6
2026-07-30 06:20:15+00:00,payment-api,WARN,Slow query 1200ms table=tx_history,req-84687900,False,False,2026-07-30,6
2026-07-30 06:21:11+00:00,payment-api,ERROR,ERR ConnTimeout db-primary after 30s retry=3,req-34730353,False,False,2026-07-30,6
2026-07-30 06:26:23+00:00,web-portal,INFO,Request completed path=/home in 862ms,req-31376399,False,False,2026-07-30,6
2026-07-30 06:27:33+00:00,notification-worker,INFO,SMS sent uid=u8051,req-36925055,False,False,2026-07-30,6
2026-07-30 06:27:47+00:00,payment-api,INFO,Payment processed txn=t180716 amount=120000,req-89726022,False,False,2026-07-30,6
2026-07-30 06:29:05+00:00,payment-api,ERROR,ERR ConnTimeout db-primary after 30s retry=3,req-41503019,False,False,2026-07-30,6
2026-07-30 06:30:12+00:00,web-portal,INFO,Request completed path=/report in 603ms,req-66127168,False,False,2026-07-30,6
2026-07-30 06:47:32+00:00,auth-service,ERROR,ERR AuthTokenExpired uid=u4927,req-60748656,False,False,2026-07-30,6
2026-07-30 06:49:15+00:00,payment-api,INFO,Payment processed txn=t577328 amount=120000,req-54835989,False,False,2026-07-30,6
2026-07-30 06:49:58+00:00,payment-api,ERROR,ERR ConnTimeout db-primary after 30s retry=3,req-18201748,False,False,2026-07-30,6
2026-07-30 06:50:51+00:00,notification-worker,INFO,Email sent uid=u2461,req-81711476,False,False,2026-07-30,6
2026-07-30 06:51:26+00:00,notification-worker,INFO,SMS sent uid=u7623,req-23258076,False,False,2026-07-30,6
2026-07-30 06:51:44+00:00,notification-worker,INFO,Email sent uid=u9162,req-90492828,False,False,2026-07-30,6
2026-07-30 07:00:49+00:00,payment-api,ERROR,ERR ConnTimeout db-primary after 30s retry=3,req-93819096,False,False,2026-07-30,7
2026-07-30 07:02:54+00:00,batch-report,INFO,Daily report job started,req-52951801,False,False,2026-07-30,7
2026-07-30 07:05:44+00:00,payment-api,ERROR,ERR ConnTimeout db-primary after 30s retry=3,req-44059134,False,False,2026-07-30,7
2026-07-30 07:07:33+00:00,payment-api,WARN,Slow query 1200ms table=tx_history,req-31755295,False,False,2026-07-30,7
2026-07-30 07:08:32+00:00,payment-api,ERROR,ERR ConnTimeout db-primary after 30s retry=3,req-84154752,False,False,2026-07-30,7
2026-07-30 07:15:49+00:00,payment-api,INFO,Payment processed txn=t242282 amount=990000,req-21488759,False,False,2026-07-30,7
2026-07-30 07:18:01+00:00,payment-api,ERROR,ERR ConnTimeout db-primary after 30s retry=3,req-99031467,False,False,2026-07-30,7
2026-07-30 07:18:37+00:00,notification-worker,INFO,SMS sent uid=u3082,req-40688223,False,False,2026-07-30,7
2026-07-30 07:21:42+00:00,batch-report,INFO,Daily report job finished rows=999,req-66541115,False,False,2026-07-30,7
2026-07-30 07:29:12+00:00,batch-report,INFO,Daily report job started,req-79322944,False,False,2026-07-30,7
2026-07-30 07:30:04+00:00,notification-worker,INFO,SMS sent uid=u2905,req-33764288,False,False,2026-07-30,7
2026-07-30 07:36:01+00:00,batch-report,INFO,Daily report job finished rows=873,req-42542841,False,False,2026-07-30,7
2026-07-30 07:39:28+00:00,batch-report,INFO,Daily report job started,req-71331294,False,False,2026-07-30,7
2026-07-30 07:40:14+00:00,payment-api,ERROR,ERR ConnTimeout db-primary after 30s retry=3,req-56619939,False,False,2026-07-30,7
2026-07-30 07:40:21+00:00,auth-service,INFO,User login success uid=u4679,req-60661928,False,False,2026-07-30,7
2026-07-30 07:49:23+00:00,payment-api,ERROR,ERR ConnTimeout db-primary after 30s retry=3,req-97135770,False,False,2026-07-30,7
2026-07-30 07:49:37+00:00,batch-report,INFO,Daily report job started,req-53685593,False,False,2026-07-30,7
2026-07-30 07:52:31+00:00,payment-api,INFO,Payment processed txn=t220364 amount=120000,req-21199497,False,False,2026-07-30,7
2026-07-30 07:54:25+00:00,notification-worker,WARN,Queue depth high depth=2619,req-67953043,False,False,2026-07-30,7
2026-07-30 07:57:35+00:00,auth-service,INFO,User login success uid=u4074,req-38153923,False,False,2026-07-30,7
2026-07-30 08:03:27+00:00,payment-api,ERROR,ERR ConnTimeout db-primary after 30s retry=3,req-27342988,False,False,2026-07-30,8
2026-07-30 08:05:31+00:00,payment-api,ERROR,ERR ConnTimeout db-primary after 30s retry=3,req-77993829,False,False,2026-07-30,8
2026-07-30 08:05:55+00:00,payment-api,ERROR,ERR ConnTimeout db-primary after 30s retry=3,req-94640912,False,False,2026-07-30,8
2026-07-30 08:07:15+00:00,auth-service,INFO,User login success uid=u7360,req-72391513,False,False,2026-07-30,8
2026-07-30 08:11:44+00:00,web-portal,INFO,Request completed path=/report in 333ms,req-63694387,False,False,2026-07-30,8
2026-07-30 08:12:01+00:00,batch-report,INFO,Daily report job started,req-81452723,False,False,2026-07-30,8
2026-07-30 08:18:42+00:00,payment-api,INFO,Balance check ok uid=u9606,req-23420761,False,False,2026-07-30,8
2026-07-30 08:18:48+00:00,web-portal,ERROR,ERR HTTP 502 upstream=payment-api path=/checkout,req-22262023,False,False,2026-07-30,8
2026-07-30 08:18:53+00:00,notification-worker,INFO,SMS sent uid=u7091,req-43040802,False,False,2026-07-30,8
2026-07-30 08:20:59+00:00,payment-api,ERROR,ERR PaymentDeclined txn=t940208 code=51,req-84215849,False,False,2026-07-30,8
2026-07-30 08:23:12+00:00,payment-api,ERROR,ERR ConnTimeout db-primary after 30s retry=3,req-82157584,False,False,2026-07-30,8
2026-07-30 08:25:52+00:00,auth-service,INFO,User login success uid=u4533,req-79296719,False,False,2026-07-30,8
2026-07-30 08:31:50+00:00,web-portal,INFO,Request completed path=/home in 476ms,req-63787771,False,False,2026-07-30,8
2026-07-30 08:33:03+00:00,payment-api,ERROR,ERR ConnTimeout db-primary after 30s retry=3,req-18160875,False,False,2026-07-30,8
2026-07-30 08:34:42+00:00,payment-api,ERROR,ERR ConnTimeout db-primary after 30s retry=3,req-90282015,False,False,2026-07-30,8
2026-07-30 08:36:53+00:00,payment-api,WARN,Slow query 1200ms table=tx_history,req-18311653,False,False,2026-07-30,8
2026-07-30 08:43:15+00:00,auth-service,INFO,User login success uid=u5623,req-51489399,False,False,2026-07-30,8
2026-07-30 08:51:00+00:00,payment-api,ERROR,ERR PaymentDeclined txn=t342106 code=51,req-42352710,False,False,2026-07-30,8
2026-07-30 08:52:07+00:00,web-portal,INFO,Request completed path=/report in 655ms,req-50288578,False,False,2026-07-30,8
2026-07-30 08:58:59+00:00,web-portal,INFO,Request completed path=/home in 805ms,req-51672868,False,False,2026-07-30,8
2026-07-30 09:11:12+00:00,web-portal,INFO,Request completed path=/report in 825ms,req-33988490,False,False,2026-07-30,9
2026-07-30 09:16:30+00:00,payment-api,ERROR,ERR ConnTimeout db-primary after 30s retry=3,req-39050282,False,False,2026-07-30,9
2026-07-30 09:19:17+00:00,auth-service,INFO,Token refreshed uid=u8242,req-58784400,False,False,2026-07-30,9
2026-07-30 09:21:07+00:00,batch-report,INFO,Daily report job finished rows=1142,req-74127867,False,False,2026-07-30,9
2026-07-30 09:23:43+00:00,auth-service,INFO,Session created uid=u9222,req-79994685,False,False,2026-07-30,9
2026-07-30 09:25:51+00:00,batch-report,INFO,Daily report job started,req-67355386,False,False,2026-07-30,9
2026-07-30 09:33:30+00:00,payment-api,ERROR,ERR PaymentDeclined txn=t894036 code=51,req-67384680,False,False,2026-07-30,9
2026-07-30 09:34:23+00:00,payment-api,ERROR,ERR ConnTimeout db-primary after 30s retry=3,req-91171554,False,False,2026-07-30,9
2026-07-30 09:35:20+00:00,notification-worker,INFO,SMS sent uid=u3388,req-61706059,False,False,2026-07-30,9
2026-07-30 09:35:44+00:00,notification-worker,INFO,SMS sent uid=u8066,req-20340193,False,False,2026-07-30,9
2026-07-30 09:39:17+00:00,batch-report,INFO,Daily report job finished rows=814,req-14593302,False,False,2026-07-30,9
2026-07-30 09:39:31+00:00,payment-api,ERROR,ERR ConnTimeout db-primary after 30s retry=3,req-47929886,False,False,2026-07-30,9
2026-07-30 09:39:34+00:00,payment-api,INFO,Payment processed txn=t447283 amount=990000,req-51516670,False,False,2026-07-30,9
2026-07-30 09:40:09+00:00,payment-api,INFO,Balance check ok uid=u2938,req-63274774,False,False,2026-07-30,9
2026-07-30 09:44:16+00:00,auth-service,INFO,Session created uid=u9906,req-49827566,False,False,2026-07-30,9
2026-07-30 09:44:33+00:00,payment-api,INFO,Payment processed txn=t604967 amount=120000,req-97499829,False,False,2026-07-30,9
2026-07-30 09:44:36+00:00,auth-service,WARN,Slow login 900ms uid=u5333,req-14385512,False,False,2026-07-30,9
2026-07-30 09:47:05+00:00,payment-api,ERROR,ERR ConnTimeout db-primary after 30s retry=3,req-45502943,False,False,2026-07-30,9
2026-07-30 09:47:55+00:00,notification-worker,INFO,SMS sent uid=u1871,req-32997024,False,False,2026-07-30,9
2026-07-30 09:52:10+00:00,batch-report,INFO,Daily report job finished rows=870,req-26523557,False,False,2026-07-30,9
2026-07-30 09:55:56+00:00,web-portal,INFO,Request completed path=/home in 305ms,req-22403336,False,False,2026-07-30,9
2026-07-30 09:59:25+00:00,payment-api,ERROR,ERR PaymentDeclined txn=t362073 code=51,req-92617353,False,False,2026-07-30,9
2026-07-30 10:00:07+00:00,batch-report,INFO,Daily report job started,req-27172930,False,False,2026-07-30,10
2026-07-30 10:01:08+00:00,payment-api,INFO,Balance check ok uid=u7409,req-29886575,False,False,2026-07-30,10
2026-07-30 10:04:47+00:00,web-portal,INFO,Request completed path=/home in 659ms,req-48240309,False,False,2026-07-30,10
2026-07-30 10:07:29+00:00,notification-worker,INFO,SMS sent uid=u4104,req-15610213,False,False,2026-07-30,10
2026-07-30 10:16:55+00:00,auth-service,INFO,Token refreshed uid=u7523,req-27383462,False,False,2026-07-30,10
2026-07-30 10:17:03+00:00,notification-worker,INFO,SMS sent uid=u7336,req-56324745,False,False,2026-07-30,10
2026-07-30 10:19:08+00:00,payment-api,INFO,Payment processed txn=t225961 amount=990000,req-96585062,False,False,2026-07-30,10
2026-07-30 10:21:12+00:00,payment-api,INFO,Balance check ok uid=u3147,req-15250630,False,False,2026-07-30,10
2026-07-30 10:21:56+00:00,notification-worker,INFO,SMS sent uid=u5284,req-84457282,False,False,2026-07-30,10
2026-07-30 10:27:33+00:00,payment-api,ERROR,ERR ConnTimeout db-primary after 30s retry=3,req-33648417,False,False,2026-07-30,10
2026-07-30 10:29:17+00:00,payment-api,ERROR,ERR ConnTimeout db-primary after 30s retry=3,req-63582355,False,False,2026-07-30,10
2026-07-30 10:30:02+00:00,payment-api,INFO,Balance check ok uid=u2805,req-80220858,False,False,2026-07-30,10
2026-07-30 10:36:10+00:00,web-portal,WARN,Response time 2100ms path=/report,req-69037325,False,False,2026-07-30,10
2026-07-30 10:37:29+00:00,web-portal,INFO,Request completed path=/report in 70ms,req-32378699,False,False,2026-07-30,10
2026-07-30 10:40:55+00:00,payment-api,ERROR,ERR ConnTimeout db-primary after 30s retry=3,req-16071701,False,False,2026-07-30,10
2026-07-30 10:42:03+00:00,notification-worker,INFO,Email sent uid=u2346,req-30805333,False,False,2026-07-30,10
2026-07-30 10:43:59+00:00,batch-report,INFO,Daily report job finished rows=995,req-85158204,False,False,2026-07-30,10
2026-07-30 10:45:04+00:00,web-portal,WARN,Response time 2100ms path=/report,req-89782793,False,False,2026-07-30,10
2026-07-30 10:48:21+00:00,notification-worker,INFO,Email sent uid=u4992,req-83984321,False,False,2026-07-30,10
2026-07-30 10:52:38+00:00,auth-service,ERROR,ERR AuthTokenExpired uid=u1166,req-92410355,False,False,2026-07-30,10
2026-07-30 10:55:16+00:00,web-portal,ERROR,ERR HTTP 502 upstream=payment-api path=/checkout,req-96251983,False,False,2026-07-30,10
2026-07-30 11:01:17+00:00,payment-api,ERROR,ERR ConnTimeout db-primary after 30s retry=3,req-52796523,False,False,2026-07-30,11
2026-07-30 11:01:48+00:00,web-portal,INFO,Request completed path=/home in 658ms,req-73558440,False,False,2026-07-30,11
2026-07-30 11:02:26+00:00,notification-worker,ERROR,ERR SMTPConnRefused host=mail-gw,req-81444791,False,False,2026-07-30,11
2026-07-30 11:08:14+00:00,notification-worker,INFO,SMS sent uid=u9152,req-80806579,False,False,2026-07-30,11
2026-07-30 11:08:58+00:00,batch-report,INFO,Daily report job started,req-51341326,False,False,2026-07-30,11
2026-07-30 11:13:53+00:00,batch-report,INFO,Daily report job started,req-27089076,False,False,2026-07-30,11
2026-07-30 11:21:11+00:00,payment-api,INFO,Balance check ok uid=u8438,req-39364802,False,False,2026-07-30,11
2026-07-30 11:23:35+00:00,batch-report,ERROR,ERR NullPointer in ReportBuilder step=aggregate,req-75154738,False,False,2026-07-30,11
2026-07-30 11:23:47+00:00,payment-api,ERROR,ERR ConnTimeout db-primary after 30s retry=3,req-20929927,False,False,2026-07-30,11
2026-07-30 11:26:13+00:00,payment-api,ERROR,ERR ConnTimeout db-primary after 30s retry=3,req-74250209,False,False,2026-07-30,11
2026-07-30 11:35:58+00:00,payment-api,INFO,Payment processed txn=t851622 amount=250000,req-41225585,False,False,2026-07-30,11
2026-07-30 11:36:19+00:00,payment-api,INFO,Balance check ok uid=u2762,req-60192126,False,False,2026-07-30,11
2026-07-30 11:36:39+00:00,payment-api,ERROR,ERR ConnTimeout db-primary after 30s retry=3,req-75655873,False,False,2026-07-30,11
2026-07-30 11:37:44+00:00,web-portal,INFO,Request completed path=/report in 720ms,req-77418191,False,False,2026-07-30,11
2026-07-30 11:39:36+00:00,auth-service,INFO,User login success uid=u3421,req-25188619,False,False,2026-07-30,11
2026-07-30 11:40:00+00:00,payment-api,ERROR,ERR ConnTimeout db-primary after 30s retry=3,req-76208728,False,False,2026-07-30,11
2026-07-30 11:42:40+00:00,notification-worker,INFO,Email sent uid=u5045,req-81854791,False,False,2026-07-30,11
2026-07-30 11:46:01+00:00,payment-api,ERROR,ERR ConnTimeout db-primary after 30s retry=3,req-67069281,False,False,2026-07-30,11
2026-07-30 11:54:02+00:00,notification-worker,INFO,Email sent uid=u7303,req-19313264,False,False,2026-07-30,11
2026-07-30 11:57:53+00:00,batch-report,INFO,Daily report job finished rows=867,req-60300871,False,False,2026-07-30,11
2026-07-30 11:57:55+00:00,web-portal,ERROR,ERR HTTP 502 upstream=payment-api path=/checkout,req-43423167,False,False,2026-07-30,11
2026-07-30 11:59:25+00:00,payment-api,INFO,Balance check ok uid=u7218,req-26950183,False,False,2026-07-30,11
2026-07-30 12:06:12+00:00,payment-api,ERROR,ERR ConnTimeout db-primary after 30s retry=3,req-75741381,False,False,2026-07-30,12
2026-07-30 12:07:36+00:00,notification-worker,UNKNOWN,Heartbeat ok,req-48936328,True,False,2026-07-30,12
2026-07-30 12:08:30+00:00,payment-api,INFO,Payment processed txn=t961866 amount=250000,req-18169131,False,False,2026-07-30,12
2026-07-30 12:13:17+00:00,payment-api,INFO,Balance check ok uid=u8415,req-44029139,False,False,2026-07-30,12
2026-07-30 12:13:37+00:00,auth-service,INFO,Session created uid=u2857,req-89845027,False,False,2026-07-30,12
2026-07-30 12:16:11+00:00,batch-report,ERROR,ERR NullPointer in ReportBuilder step=aggregate,req-35473149,False,False,2026-07-30,12
2026-07-30 12:17:52+00:00,web-portal,INFO,Request completed path=/home in 62ms,req-97630141,False,False,2026-07-30,12
2026-07-30 12:25:44+00:00,batch-report,INFO,Daily report job started,req-67164749,False,False,2026-07-30,12
2026-07-30 12:27:54+00:00,web-portal,WARN,Response time 2100ms path=/report,req-26051288,False,False,2026-07-30,12
2026-07-30 12:35:27+00:00,payment-api,INFO,Balance check ok uid=u7559,req-50056450,False,False,2026-07-30,12
2026-07-30 12:39:23+00:00,batch-report,INFO,Daily report job started,req-34509818,False,False,2026-07-30,12
2026-07-30 12:43:09+00:00,auth-service,INFO,User login success uid=u6912,req-66515994,False,False,2026-07-30,12
2026-07-30 12:45:55+00:00,auth-service,WARN,Slow login 900ms uid=u8601,req-78123659,False,False,2026-07-30,12
2026-07-30 12:47:12+00:00,notification-worker,INFO,Email sent uid=u2336,req-12738143,False,False,2026-07-30,12
2026-07-30 12:49:46+00:00,batch-report,ERROR,ERR NullPointer in ReportBuilder step=aggregate,req-95202397,False,False,2026-07-30,12
2026-07-30 12:51:49+00:00,auth-service,INFO,User login success uid=u5699,req-76011040,False,False,2026-07-30,12
2026-07-30 12:51:52+00:00,payment-api,ERROR,ERR ConnTimeout db-primary after 30s retry=3,req-20399074,False,False,2026-07-30,12
2026-07-30 12:52:28+00:00,batch-report,INFO,Daily report job finished rows=1160,req-98859467,False,False,2026-07-30,12
2026-07-30 12:55:25+00:00,payment-api,ERROR,ERR ConnTimeout db-primary after 30s retry=3,req-28066449,False,False,2026-07-30,12
2026-07-30 12:55:29+00:00,payment-api,ERROR,ERR ConnTimeout db-primary after 30s retry=3,req-38709086,False,False,2026-07-30,12
2026-07-30 12:55:50+00:00,web-portal,INFO,Request completed path=/report in 889ms,req-14929963,False,False,2026-07-30,12
2026-07-30 12:58:47+00:00,web-portal,WARN,Response time 2100ms path=/report,req-40651479,False,False,2026-07-30,12
2026-07-30 12:59:37+00:00,web-portal,INFO,Request completed path=/report in 372ms,req-89964091,False,False,2026-07-30,12
2026-07-30 13:00:18+00:00,payment-api,INFO,Payment processed txn=t132405 amount=120000,req-58240526,False,False,2026-07-30,13
2026-07-30 13:00:24+00:00,web-portal,INFO,Request completed path=/home in 294ms,req-22693316,False,False,2026-07-30,13
2026-07-30 13:10:09+00:00,auth-service,INFO,User login success uid=u1046,req-24784930,False,False,2026-07-30,13
2026-07-30 13:13:42+00:00,auth-service,INFO,Session created uid=u6789,req-44620670,False,False,2026-07-30,13
2026-07-30 13:14:12+00:00,web-portal,WARN,Response time 2100ms path=/report,req-84260585,False,False,2026-07-30,13
2026-07-30 13:17:30+00:00,batch-report,INFO,Daily report job started,req-64177562,False,False,2026-07-30,13
2026-07-30 13:26:13+00:00,web-portal,INFO,Request completed path=/report in 769ms,req-49323367,False,False,2026-07-30,13
2026-07-30 13:26:20+00:00,auth-service,INFO,Token refreshed uid=u5348,req-98027250,False,False,2026-07-30,13
2026-07-30 13:31:59+00:00,batch-report,INFO,Daily report job finished rows=888,req-30317946,False,False,2026-07-30,13
2026-07-30 13:38:02+00:00,batch-report,INFO,Daily report job started,req-30407950,False,False,2026-07-30,13
2026-07-30 13:42:01+00:00,web-portal,INFO,Request completed path=/report in 821ms,req-52729112,False,False,2026-07-30,13
2026-07-30 13:48:36+00:00,web-portal,INFO,Request completed path=/home in 183ms,req-40327888,False,False,2026-07-30,13
2026-07-30 13:52:46+00:00,notification-worker,INFO,Email sent uid=u1056,req-26058089,False,False,2026-07-30,13
2026-07-30 13:53:09+00:00,payment-api,UNKNOWN,Heartbeat ok,req-89098923,True,False,2026-07-30,13
2026-07-30 13:57:04+00:00,auth-service,INFO,User login success uid=u7859,req-81969231,False,False,2026-07-30,13
2026-07-30 14:00:13+00:00,auth-service,INFO,User login success uid=u2369,req-21710526,False,False,2026-07-30,14
2026-07-30 14:02:18+00:00,payment-api,INFO,Balance check ok uid=u8412,req-47290843,False,False,2026-07-30,14
2026-07-30 14:02:20+00:00,payment-api,INFO,Payment processed txn=t731035 amount=120000,req-47319033,False,False,2026-07-30,14
2026-07-30 14:05:00+00:00,web-portal,INFO,Request completed path=/report in 471ms,req-79437349,False,False,2026-07-30,14
2026-07-30 14:05:41+00:00,payment-api,ERROR,ERR ConnTimeout db-primary after 30s retry=3,req-28491234,False,False,2026-07-30,14
2026-07-30 14:07:44+00:00,notification-worker,INFO,Email sent uid=u4022,req-68801935,False,False,2026-07-30,14
2026-07-30 14:14:25+00:00,payment-api,ERROR,ERR ConnTimeout db-primary after 30s retry=3,req-13144983,False,False,2026-07-30,14
2026-07-30 14:20:33+00:00,payment-api,WARN,Retry 1/3 calling notification-worker,req-87314639,False,False,2026-07-30,14
2026-07-30 14:25:03+00:00,web-portal,INFO,Request completed path=/report in 714ms,req-50437430,False,False,2026-07-30,14
2026-07-30 14:25:35+00:00,batch-report,INFO,Daily report job started,req-79318932,False,False,2026-07-30,14
2026-07-30 14:30:06+00:00,payment-api,INFO,Balance check ok uid=u1490,req-58015656,False,False,2026-07-30,14
2026-07-30 14:31:22+00:00,notification-worker,WARN,Queue depth high depth=1282,req-86287557,False,False,2026-07-30,14
2026-07-30 14:33:33+00:00,web-portal,INFO,Request completed path=/home in 651ms,req-56555725,False,False,2026-07-30,14
2026-07-30 14:35:51+00:00,auth-service,INFO,Token refreshed uid=u7701,req-60154896,False,False,2026-07-30,14
2026-07-30 14:36:57+00:00,batch-report,INFO,Daily report job started,req-53952205,False,False,2026-07-30,14
2026-07-30 14:40:44+00:00,web-portal,INFO,Request completed path=/home in 106ms,req-29798986,False,False,2026-07-30,14
2026-07-30 14:44:53+00:00,auth-service,INFO,Token refreshed uid=u2338,req-34706569,False,False,2026-07-30,14
2026-07-30 14:50:21+00:00,notification-worker,INFO,SMS sent uid=u7247,req-51767937,False,False,2026-07-30,14
2026-07-30 14:50:27+00:00,payment-api,ERROR,ERR ConnTimeout db-primary after 30s retry=3,req-25832863,False,False,2026-07-30,14
2026-07-30 14:50:32+00:00,batch-report,INFO,Daily report job started,req-32782148,False,False,2026-07-30,14
2026-07-30 14:55:29+00:00,payment-api,ERROR,ERR ConnTimeout db-primary after 30s retry=3,req-97688458,False,False,2026-07-30,14
2026-07-30 14:58:59+00:00,auth-service,INFO,Token refreshed uid=u6526,req-96228754,False,False,2026-07-30,14
2026-07-30 15:00:44+00:00,notification-worker,INFO,Email sent uid=u4048,req-45096899,False,False,2026-07-30,15
2026-07-30 15:02:38+00:00,auth-service,INFO,User login success uid=u9289,req-42858752,False,False,2026-07-30,15
2026-07-30 15:06:44+00:00,batch-report,INFO,Daily report job finished rows=1126,req-73920316,False,False,2026-07-30,15
2026-07-30 15:12:32+00:00,notification-worker,INFO,SMS sent uid=u8546,req-55338927,False,False,2026-07-30,15
2026-07-30 15:18:54+00:00,auth-service,WARN,Slow login 900ms uid=u4471,req-73025187,False,False,2026-07-30,15
2026-07-30 15:19:44+00:00,payment-api,ERROR,ERR ConnTimeout db-primary after 30s retry=3,req-70944129,False,False,2026-07-30,15
2026-07-30 15:23:09+00:00,payment-api,INFO,Balance check ok uid=u4177,req-81076709,False,False,2026-07-30,15
2026-07-30 15:23:42+00:00,notification-worker,INFO,SMS sent uid=u6074,req-65517801,False,False,2026-07-30,15
2026-07-30 15:26:43+00:00,auth-service,INFO,Session created uid=u4190,req-55026244,False,False,2026-07-30,15
2026-07-30 15:28:57+00:00,auth-service,INFO,User login success uid=u3461,req-46385523,False,False,2026-07-30,15
2026-07-30 15:31:38+00:00,payment-api,ERROR,ERR ConnTimeout db-primary after 30s retry=3,req-54961030,False,False,2026-07-30,15
2026-07-30 15:33:47+00:00,auth-service,INFO,Session created uid=u5562,req-57326346,False,False,2026-07-30,15
2026-07-30 15:34:15+00:00,payment-api,INFO,Balance check ok uid=u8643,req-13546316,False,False,2026-07-30,15
2026-07-30 15:41:19+00:00,auth-service,INFO,Session created uid=u1655,req-20066099,False,False,2026-07-30,15
2026-07-30 15:44:29+00:00,payment-api,INFO,Payment processed txn=t767101 amount=50000,req-32921098,False,False,2026-07-30,15
2026-07-30 15:46:51+00:00,web-portal,INFO,Request completed path=/home in 624ms,req-82364511,False,False,2026-07-30,15
2026-07-30 15:48:24+00:00,batch-report,INFO,Daily report job started,req-73265064,False,False,2026-07-30,15
2026-07-30 15:51:08+00:00,web-portal,INFO,Request completed path=/report in 709ms,req-48247237,False,False,2026-07-30,15
2026-07-30 15:51:10+00:00,payment-api,ERROR,ERR ConnTimeout db-primary after 30s retry=3,req-66918776,False,False,2026-07-30,15
2026-07-30 15:57:25+00:00,batch-report,INFO,Daily report job started,req-30626125,False,False,2026-07-30,15
2026-07-30 16:01:52+00:00,payment-api,ERROR,ERR ConnTimeout db-primary after 30s retry=3,req-12163344,False,False,2026-07-30,16
2026-07-30 16:05:20+00:00,web-portal,ERROR,ERR HTTP 502 upstream=payment-api path=/checkout,req-90301630,False,False,2026-07-30,16
2026-07-30 16:05:36+00:00,notification-worker,INFO,Email sent uid=u1672,req-15873085,False,False,2026-07-30,16
2026-07-30 16:07:42+00:00,notification-worker,WARN,Queue depth high depth=1205,req-46684386,False,False,2026-07-30,16
2026-07-30 16:09:30+00:00,payment-api,ERROR,ERR ConnTimeout db-primary after 30s retry=3,req-74452414,False,False,2026-07-30,16
2026-07-30 16:10:38+00:00,auth-service,INFO,Session created uid=u3672,req-82950883,False,False,2026-07-30,16
2026-07-30 16:10:49+00:00,payment-api,ERROR,ERR ConnTimeout db-primary after 30s retry=3,req-57475650,False,False,2026-07-30,16
2026-07-30 16:11:54+00:00,notification-worker,ERROR,ERR SMTPConnRefused host=mail-gw,req-74005756,False,False,2026-07-30,16
2026-07-30 16:13:57+00:00,batch-report,INFO,Daily report job finished rows=916,req-54696127,False,False,2026-07-30,16
2026-07-30 16:18:31+00:00,notification-worker,INFO,SMS sent uid=u2906,req-42138616,False,False,2026-07-30,16
2026-07-30 16:21:44+00:00,payment-api,INFO,Payment processed txn=t135399 amount=250000,req-96583583,False,False,2026-07-30,16
2026-07-30 16:33:02+00:00,auth-service,INFO,Token refreshed uid=u1627,req-52974720,False,False,2026-07-30,16
2026-07-30 16:41:57+00:00,auth-service,INFO,User login success uid=u3416,req-79886056,False,False,2026-07-30,16
2026-07-30 16:42:09+00:00,payment-api,INFO,Balance check ok uid=u1222,req-99112118,False,False,2026-07-30,16
2026-07-30 16:42:29+00:00,payment-api,ERROR,ERR ConnTimeout db-primary after 30s retry=3,req-49089390,False,False,2026-07-30,16
2026-07-30 16:42:58+00:00,auth-service,ERROR,ERR AuthTokenExpired uid=u3010,req-22452337,False,False,2026-07-30,16
2026-07-30 16:49:43+00:00,web-portal,INFO,Request completed path=/home in 738ms,req-73110413,False,False,2026-07-30,16
2026-07-30 16:50:13+00:00,web-portal,INFO,Request completed path=/report in 270ms,req-39669864,False,False,2026-07-30,16
2026-07-30 16:54:12+00:00,web-portal,ERROR,ERR HTTP 502 upstream=payment-api path=/checkout,req-74196211,False,False,2026-07-30,16
2026-07-30 16:55:17+00:00,web-portal,INFO,Request completed path=/home in 541ms,req-90440472,False,False,2026-07-30,16
2026-07-30 16:55:38+00:00,web-portal,INFO,Request completed path=/home in 711ms,req-31593455,False,False,2026-07-30,16
2026-07-30 17:00:16+00:00,payment-api,INFO,Balance check ok uid=u9123,req-47726289,False,False,2026-07-30,17
2026-07-30 17:02:22+00:00,batch-report,INFO,Daily report job finished rows=838,req-99673571,False,False,2026-07-30,17
2026-07-30 17:03:18+00:00,auth-service,INFO,User login success uid=u8821,req-59858951,False,False,2026-07-30,17
2026-07-30 17:07:14+00:00,notification-worker,WARN,Queue depth high depth=2188,req-16829764,False,False,2026-07-30,17
2026-07-30 17:08:13+00:00,payment-api,ERROR,ERR PaymentDeclined txn=t752126 code=51,req-30141148,False,False,2026-07-30,17
2026-07-30 17:10:25+00:00,payment-api,ERROR,ERR ConnTimeout db-primary after 30s retry=3,req-61744941,False,False,2026-07-30,17
2026-07-30 17:10:45+00:00,batch-report,INFO,Daily report job started,req-30370571,False,False,2026-07-30,17
2026-07-30 17:15:05+00:00,payment-api,INFO,Balance check ok uid=u1016,req-86137251,False,False,2026-07-30,17
2026-07-30 17:15:11+00:00,payment-api,ERROR,ERR ConnTimeout db-primary after 30s retry=3,req-10751945,False,False,2026-07-30,17
2026-07-30 17:18:44+00:00,web-portal,INFO,Request completed path=/report in 231ms,req-72658369,False,False,2026-07-30,17
2026-07-30 17:18:58+00:00,web-portal,INFO,Request completed path=/report in 367ms,req-30371382,False,False,2026-07-30,17
2026-07-30 17:20:11+00:00,payment-api,INFO,Payment processed txn=t404124 amount=250000,req-76164526,False,False,2026-07-30,17
2026-07-30 17:21:55+00:00,auth-service,INFO,Token refreshed uid=u1612,req-94013952,False,False,2026-07-30,17
2026-07-30 17:21:57+00:00,web-portal,WARN,Response time 2100ms path=/report,req-60246095,False,False,2026-07-30,17
2026-07-30 17:26:40+00:00,notification-worker,INFO,SMS sent uid=u3509,req-62137114,False,False,2026-07-30,17
2026-07-30 17:30:20+00:00,web-portal,INFO,Request completed path=/report in 888ms,req-58771134,False,False,2026-07-30,17
2026-07-30 17:36:42+00:00,payment-api,INFO,Balance check ok uid=u4015,req-98336648,False,False,2026-07-30,17
2026-07-30 17:36:58+00:00,batch-report,INFO,Daily report job finished rows=909,req-83266696,False,False,2026-07-30,17
2026-07-30 17:37:49+00:00,payment-api,ERROR,ERR ConnTimeout db-primary after 30s retry=3,req-99654194,False,False,2026-07-30,17
2026-07-30 17:40:02+00:00,web-portal,WARN,Response time 2100ms path=/report,req-11910266,False,False,2026-07-30,17
2026-07-30 17:40:41+00:00,batch-report,WARN,Report row mismatch expected=1102 got=922,req-23954006,False,False,2026-07-30,17
2026-07-30 17:42:27+00:00,batch-report,INFO,Daily report job finished rows=991,req-68680918,False,False,2026-07-30,17
2026-07-30 17:42:48+00:00,auth-service,ERROR,ERR AuthTokenExpired uid=u2250,req-31622965,False,False,2026-07-30,17
2026-07-30 17:43:10+00:00,notification-worker,ERROR,ERR SMTPConnRefused host=mail-gw,req-21509178,False,False,2026-07-30,17
2026-07-30 17:44:31+00:00,batch-report,WARN,Report row mismatch expected=1174 got=1008,req-58660554,False,False,2026-07-30,17
2026-07-30 17:50:38+00:00,payment-api,INFO,Balance check ok uid=u5596,req-21112459,False,False,2026-07-30,17
2026-07-30 17:57:42+00:00,payment-api,INFO,Balance check ok uid=u2989,req-16420202,False,False,2026-07-30,17
2026-07-30 17:57:53+00:00,payment-api,ERROR,ERR ConnTimeout db-primary after 30s retry=3,req-14900250,False,False,2026-07-30,17
2026-07-30 17:59:36+00:00,auth-service,INFO,Token refreshed uid=u7944,req-97772249,False,False,2026-07-30,17
2026-07-30 17:59:41+00:00,auth-service,ERROR,ERR AuthTokenExpired uid=u6921,req-65531931,False,False,2026-07-30,17
2026-07-30 18:00:19+00:00,batch-report,WARN,Report row mismatch expected=853 got=1142,req-47026058,False,False,2026-07-30,18
2026-07-30 18:09:19+00:00,payment-api,INFO,Balance check ok uid=u1766,req-90722659,False,False,2026-07-30,18
2026-07-30 18:09:53+00:00,auth-service,INFO,User login success uid=u2541,req-47596710,False,False,2026-07-30,18
2026-07-30 18:10:01+00:00,web-portal,INFO,Request completed path=/report in 729ms,req-14330737,False,False,2026-07-30,18
2026-07-30 18:10:22+00:00,auth-service,INFO,User login success uid=u8471,req-67156511,False,False,2026-07-30,18
2026-07-30 18:13:39+00:00,payment-api,INFO,Balance check ok uid=u9244,req-18424279,False,False,2026-07-30,18
2026-07-30 18:19:20+00:00,payment-api,INFO,Payment processed txn=t874992 amount=250000,req-19322043,False,False,2026-07-30,18
2026-07-30 18:19:47+00:00,payment-api,ERROR,ERR ConnTimeout db-primary after 30s retry=3,req-47551952,False,False,2026-07-30,18
2026-07-30 18:20:29+00:00,web-portal,INFO,Request completed path=/report in 304ms,req-14220885,False,False,2026-07-30,18
2026-07-30 18:21:28+00:00,batch-report,INFO,Daily report job started,req-20140494,False,False,2026-07-30,18
2026-07-30 18:22:07+00:00,payment-api,ERROR,ERR ConnTimeout db-primary after 30s retry=3,req-22825399,False,False,2026-07-30,18
2026-07-30 18:23:58+00:00,payment-api,UNKNOWN,Heartbeat ok,req-30906603,True,False,2026-07-30,18
2026-07-30 18:25:38+00:00,batch-report,ERROR,ERR NullPointer in ReportBuilder step=aggregate,req-36658273,False,False,2026-07-30,18
2026-07-30 18:29:34+00:00,payment-api,INFO,Balance check ok uid=u6467,req-97056537,False,False,2026-07-30,18
2026-07-30 18:31:22+00:00,notification-worker,INFO,Email sent uid=u7075,req-39738238,False,False,2026-07-30,18
2026-07-30 18:36:05+00:00,batch-report,INFO,Daily report job finished rows=808,req-80541440,False,False,2026-07-30,18
2026-07-30 18:37:28+00:00,auth-service,INFO,User login success uid=u7804,req-61725238,False,False,2026-07-30,18
2026-07-30 18:37:31+00:00,web-portal,INFO,Request completed path=/report in 146ms,req-87821046,False,False,2026-07-30,18
2026-07-30 18:49:28+00:00,web-portal,INFO,Request completed path=/home in 518ms,req-85667851,False,False,2026-07-30,18
2026-07-30 18:52:56+00:00,payment-api,INFO,Balance check ok uid=u8103,req-39471497,False,False,2026-07-30,18
2026-07-30 18:54:36+00:00,payment-api,ERROR,ERR PaymentDeclined txn=t595043 code=51,req-32043679,False,False,2026-07-30,18
2026-07-30 18:59:46+00:00,payment-api,INFO,Payment processed txn=t227500 amount=120000,req-79524101,False,False,2026-07-30,18
2026-07-30 19:05:40+00:00,payment-api,ERROR,ERR ConnTimeout db-primary after 30s retry=3,req-49334559,False,False,2026-07-30,19
2026-07-30 19:10:18+00:00,payment-api,INFO,Payment processed txn=t827851 amount=250000,req-72864748,False,False,2026-07-30,19
2026-07-30 19:14:35+00:00,payment-api,WARN,Retry 1/3 calling notification-worker,req-14461288,False,False,2026-07-30,19
2026-07-30 19:17:18+00:00,notification-worker,INFO,Email sent uid=u7778,req-34070716,False,False,2026-07-30,19
2026-07-30 19:23:14+00:00,payment-api,ERROR,ERR ConnTimeout db-primary after 30s retry=3,req-13488600,False,False,2026-07-30,19
2026-07-30 19:28:46+00:00,web-portal,INFO,Request completed path=/report in 474ms,req-20738641,False,False,2026-07-30,19
2026-07-30 19:29:49+00:00,auth-service,INFO,Token refreshed uid=u3632,req-11332984,False,False,2026-07-30,19
2026-07-30 19:32:57+00:00,notification-worker,INFO,Email sent uid=u6363,req-48226119,False,False,2026-07-30,19
2026-07-30 19:34:22+00:00,notification-worker,INFO,Email sent uid=u2970,req-89202730,False,False,2026-07-30,19
2026-07-30 19:34:23+00:00,web-portal,INFO,Request completed path=/report in 139ms,req-24848878,False,False,2026-07-30,19
2026-07-30 19:42:55+00:00,notification-worker,INFO,SMS sent uid=u4718,req-64464528,False,False,2026-07-30,19
2026-07-30 19:45:41+00:00,auth-service,INFO,User login success uid=u8141,req-95108432,False,False,2026-07-30,19
2026-07-30 19:46:53+00:00,batch-report,INFO,Daily report job started,req-49689985,False,False,2026-07-30,19
2026-07-30 19:52:37+00:00,payment-api,ERROR,ERR ConnTimeout db-primary after 30s retry=3,req-55371664,False,False,2026-07-30,19
2026-07-30 19:55:07+00:00,payment-api,ERROR,ERR ConnTimeout db-primary after 30s retry=3,req-46387450,False,False,2026-07-30,19
2026-07-30 19:55:12+00:00,notification-worker,INFO,Email sent uid=u6202,req-81709011,False,False,2026-07-30,19
2026-07-30 20:05:11+00:00,auth-service,INFO,User login success uid=u4305,req-85805745,False,False,2026-07-30,20
2026-07-30 20:07:48+00:00,payment-api,ERROR,ERR ConnTimeout db-primary after 30s retry=3,req-36634140,False,False,2026-07-30,20
2026-07-30 20:07:50+00:00,auth-service,WARN,Slow login 900ms uid=u3605,req-11548620,False,False,2026-07-30,20
2026-07-30 20:15:55+00:00,payment-api,ERROR,ERR ConnTimeout db-primary after 30s retry=3,req-84014080,False,False,2026-07-30,20
2026-07-30 20:16:04+00:00,batch-report,INFO,Daily report job finished rows=811,req-52139163,False,False,2026-07-30,20
2026-07-30 20:17:03+00:00,notification-worker,INFO,Email sent uid=u1969,req-11688255,False,False,2026-07-30,20
2026-07-30 20:19:20+00:00,payment-api,ERROR,ERR ConnTimeout db-primary after 30s retry=3,req-39556025,False,False,2026-07-30,20
2026-07-30 20:19:36+00:00,batch-report,INFO,Daily report job started,req-87030941,False,False,2026-07-30,20
2026-07-30 20:20:05+00:00,payment-api,INFO,Balance check ok uid=u4971,req-18088890,False,False,2026-07-30,20
2026-07-30 20:22:53+00:00,payment-api,ERROR,ERR ConnTimeout db-primary after 30s retry=3,req-69335049,False,False,2026-07-30,20
2026-07-30 20:23:14+00:00,notification-worker,INFO,Email sent uid=u8347,req-18559981,False,False,2026-07-30,20
2026-07-30 20:24:48+00:00,batch-report,WARN,Report row mismatch expected=1108 got=755,req-96258750,False,False,2026-07-30,20
2026-07-30 20:25:05+00:00,auth-service,INFO,Session created uid=u1130,req-63590510,False,False,2026-07-30,20
2026-07-30 20:29:38+00:00,batch-report,INFO,Daily report job started,req-40926924,False,False,2026-07-30,20
2026-07-30 20:30:31+00:00,batch-report,INFO,Daily report job finished rows=1190,req-17423236,False,False,2026-07-30,20
2026-07-30 20:31:30+00:00,auth-service,INFO,User login success uid=u8926,req-11137995,False,False,2026-07-30,20
2026-07-30 20:32:21+00:00,payment-api,ERROR,ERR ConnTimeout db-primary after 30s retry=3,req-33946564,False,False,2026-07-30,20
2026-07-30 20:34:01+00:00,web-portal,INFO,Request completed path=/report in 809ms,req-41503392,False,False,2026-07-30,20
2026-07-30 20:34:56+00:00,payment-api,ERROR,ERR ConnTimeout db-primary after 30s retry=3,req-75595812,False,False,2026-07-30,20
2026-07-30 20:36:51+00:00,web-portal,INFO,Request completed path=/home in 132ms,req-34918714,False,False,2026-07-30,20
2026-07-30 20:37:53+00:00,payment-api,INFO,Balance check ok uid=u8555,req-22890579,False,False,2026-07-30,20
2026-07-30 20:38:24+00:00,auth-service,INFO,User login success uid=u9151,req-83435357,False,False,2026-07-30,20
2026-07-30 20:41:28+00:00,payment-api,ERROR,ERR ConnTimeout db-primary after 30s retry=3,req-27699655,False,False,2026-07-30,20
2026-07-30 20:43:23+00:00,auth-service,INFO,User login success uid=u7823,req-50199242,False,False,2026-07-30,20
2026-07-30 20:44:52+00:00,notification-worker,INFO,Email sent uid=u9322,req-52205917,False,False,2026-07-30,20
2026-07-30 20:47:43+00:00,payment-api,ERROR,ERR ConnTimeout db-primary after 30s retry=3,req-49586388,False,False,2026-07-30,20
2026-07-30 20:47:53+00:00,batch-report,INFO,Daily report job finished rows=866,req-40273055,False,False,2026-07-30,20
2026-07-30 20:53:48+00:00,payment-api,INFO,Payment processed txn=t815267 amount=990000,req-16665217,False,False,2026-07-30,20
2026-07-30 20:53:53+00:00,notification-worker,INFO,SMS sent uid=u3898,req-14072389,False,False,2026-07-30,20
2026-07-30 20:57:28+00:00,batch-report,WARN,Report row mismatch expected=1097 got=1044,req-66616973,False,False,2026-07-30,20
2026-07-30 21:00:07+00:00,auth-service,INFO,User login success uid=u1235,req-77388734,False,False,2026-07-30,21
2026-07-30 21:05:38+00:00,batch-report,INFO,Daily report job started,req-34450775,False,False,2026-07-30,21
2026-07-30 21:07:22+00:00,web-portal,INFO,Request completed path=/report in 233ms,req-28598824,False,False,2026-07-30,21
2026-07-30 21:14:05+00:00,web-portal,WARN,Response time 2100ms path=/report,req-79366132,False,False,2026-07-30,21
2026-07-30 21:17:06+00:00,payment-api,INFO,Payment processed txn=t875278 amount=50000,req-85436973,False,False,2026-07-30,21
2026-07-30 21:21:04+00:00,web-portal,INFO,Request completed path=/report in 826ms,req-55614022,False,False,2026-07-30,21
2026-07-30 21:25:51+00:00,payment-api,ERROR,ERR ConnTimeout db-primary after 30s retry=3,req-86242194,False,False,2026-07-30,21
2026-07-30 21:26:33+00:00,web-portal,ERROR,ERR HTTP 502 upstream=payment-api path=/checkout,req-76116342,False,False,2026-07-30,21
2026-07-30 21:27:54+00:00,payment-api,ERROR,ERR ConnTimeout db-primary after 30s retry=3,req-97161631,False,False,2026-07-30,21
2026-07-30 21:28:27+00:00,batch-report,INFO,Daily report job started,req-54002223,False,False,2026-07-30,21
2026-07-30 21:31:23+00:00,web-portal,INFO,Request completed path=/report in 847ms,req-71787010,False,False,2026-07-30,21
2026-07-30 21:31:25+00:00,payment-api,INFO,Balance check ok uid=u7272,req-10623711,False,False,2026-07-30,21
2026-07-30 21:35:17+00:00,batch-report,INFO,Daily report job finished rows=1161,req-47600104,False,False,2026-07-30,21
2026-07-30 21:37:27+00:00,auth-service,INFO,Token refreshed uid=u3591,req-20343529,False,False,2026-07-30,21
2026-07-30 21:38:36+00:00,payment-api,ERROR,ERR ConnTimeout db-primary after 30s retry=3,req-56299404,False,False,2026-07-30,21
2026-07-30 21:44:26+00:00,auth-service,INFO,Session created uid=u4253,req-11904117,False,False,2026-07-30,21
2026-07-30 21:49:46+00:00,web-portal,INFO,Request completed path=/home in 664ms,req-93952534,False,False,2026-07-30,21
2026-07-30 21:59:50+00:00,auth-service,INFO,User login success uid=u3843,req-70974645,False,False,2026-07-30,21
2026-07-30 22:04:11+00:00,payment-api,ERROR,ERR PaymentDeclined txn=t342928 code=51,req-78276312,False,False,2026-07-30,22
2026-07-30 22:09:48+00:00,auth-service,INFO,Session created uid=u9573,req-58360842,False,False,2026-07-30,22
2026-07-30 22:11:40+00:00,notification-worker,INFO,Email sent uid=u1867,req-92389614,False,False,2026-07-30,22
2026-07-30 22:12:38+00:00,batch-report,INFO,Daily report job finished rows=1150,req-72507231,False,False,2026-07-30,22
2026-07-30 22:13:48+00:00,web-portal,INFO,Request completed path=/home in 181ms,req-38351125,False,False,2026-07-30,22
2026-07-30 22:15:35+00:00,web-portal,INFO,Request completed path=/home in 642ms,req-54124348,False,False,2026-07-30,22
2026-07-30 22:23:42+00:00,payment-api,ERROR,ERR ConnTimeout db-primary after 30s retry=3,req-92409660,False,False,2026-07-30,22
2026-07-30 22:25:25+00:00,payment-api,ERROR,ERR ConnTimeout db-primary after 30s retry=3,req-92533661,False,False,2026-07-30,22
2026-07-30 22:31:05+00:00,payment-api,ERROR,ERR ConnTimeout db-primary after 30s retry=3,req-19511690,False,False,2026-07-30,22
2026-07-30 22:31:19+00:00,notification-worker,INFO,Email sent uid=u3783,req-41361578,False,False,2026-07-30,22
2026-07-30 22:31:57+00:00,notification-worker,WARN,Queue depth high depth=1374,req-62724691,False,False,2026-07-30,22
2026-07-30 22:34:53+00:00,payment-api,INFO,Payment processed txn=t510945 amount=990000,req-76460815,False,False,2026-07-30,22
2026-07-30 22:35:13+00:00,auth-service,WARN,Slow login 900ms uid=u2625,req-23915063,False,False,2026-07-30,22
2026-07-30 22:36:21+00:00,payment-api,INFO,Payment processed txn=t693047 amount=250000,req-26902822,False,False,2026-07-30,22
2026-07-30 22:42:42+00:00,payment-api,INFO,Balance check ok uid=u3664,req-12092776,False,False,2026-07-30,22
2026-07-30 22:42:46+00:00,auth-service,WARN,Slow login 900ms uid=u9924,req-99618537,False,False,2026-07-30,22
2026-07-30 22:47:20+00:00,batch-report,INFO,Daily report job finished rows=803,req-73150290,False,False,2026-07-30,22
2026-07-30 22:52:08+00:00,batch-report,WARN,Report row mismatch expected=1090 got=792,req-94627132,False,False,2026-07-30,22
2026-07-30 22:52:30+00:00,notification-worker,INFO,Email sent uid=u1576,req-86704340,False,False,2026-07-30,22
2026-07-30 22:56:18+00:00,payment-api,ERROR,ERR ConnTimeout db-primary after 30s retry=3,req-39384358,False,False,2026-07-30,22
2026-07-30 22:59:16+00:00,web-portal,INFO,Request completed path=/home in 125ms,req-59552038,False,False,2026-07-30,22
2026-07-30 23:06:40+00:00,payment-api,ERROR,ERR ConnTimeout db-primary after 30s retry=3,req-84858214,False,False,2026-07-30,23
2026-07-30 23:07:50+00:00,web-portal,INFO,Request completed path=/home in 614ms,req-72579321,False,False,2026-07-30,23
2026-07-30 23:11:00+00:00,batch-report,INFO,Daily report job started,req-73231224,False,False,2026-07-30,23
2026-07-30 23:18:40+00:00,batch-report,WARN,Report row mismatch expected=928 got=882,req-11734913,False,False,2026-07-30,23
2026-07-30 23:20:48+00:00,notification-worker,WARN,Queue depth high depth=2419,req-42977091,False,False,2026-07-30,23
2026-07-30 23:22:58+00:00,payment-api,ERROR,ERR ConnTimeout db-primary after 30s retry=3,req-77222987,False,False,2026-07-30,23
2026-07-30 23:28:32+00:00,payment-api,INFO,Balance check ok uid=u1266,req-46866059,False,False,2026-07-30,23
2026-07-30 23:40:40+00:00,payment-api,ERROR,ERR ConnTimeout db-primary after 30s retry=3,req-12878065,False,False,2026-07-30,23
2026-07-30 23:47:34+00:00,batch-report,INFO,Daily report job finished rows=934,req-59766743,False,False,2026-07-30,23
2026-07-30 23:47:50+00:00,batch-report,INFO,Daily report job finished rows=1095,req-29902315,False,False,2026-07-30,23
2026-07-30 23:50:26+00:00,notification-worker,INFO,Email sent uid=u6251,req-47924770,False,False,2026-07-30,23
2026-07-30 23:51:05+00:00,web-portal,INFO,Request completed path=/home in 766ms,req-59158124,False,False,2026-07-30,23
2026-07-30 23:52:52+00:00,payment-api,WARN,Slow query 1200ms table=tx_history,req-47358181,False,False,2026-07-30,23
2026-07-30 23:54:20+00:00,payment-api,ERROR,ERR ConnTimeout db-primary after 30s retry=3,req-39566459,False,False,2026-07-30,23
2026-07-30 23:57:51+00:00,payment-api,UNKNOWN,Heartbeat ok,req-80593774,True,False,2026-07-30,23
2026-07-30 23:58:05+00:00,web-portal,INFO,Request completed path=/report in 684ms,req-31307131,False,False,2026-07-30,23
2026-07-31 00:01:00+00:00,batch-report,INFO,Daily report job started,req-99876603,False,False,2026-07-31,0
2026-07-31 00:04:55+00:00,batch-report,INFO,Daily report job finished rows=1137,req-34219451,False,False,2026-07-31,0
2026-07-31 00:05:52+00:00,notification-worker,INFO,SMS sent uid=u4060,req-54440795,False,False,2026-07-31,0
2026-07-31 00:06:55+00:00,payment-api,INFO,Payment processed txn=t803763 amount=250000,req-61902437,False,False,2026-07-31,0
2026-07-31 00:10:43+00:00,notification-worker,INFO,Email sent uid=u7808,req-22472749,False,False,2026-07-31,0
2026-07-31 00:17:43+00:00,notification-worker,INFO,SMS sent uid=u2472,req-37374649,False,False,2026-07-31,0
2026-07-31 00:24:09+00:00,payment-api,INFO,Payment processed txn=t253028 amount=250000,req-94647699,False,False,2026-07-31,0
2026-07-31 00:31:02+00:00,web-portal,INFO,Request completed path=/home in 702ms,req-12777085,False,False,2026-07-31,0
2026-07-31 00:35:25+00:00,auth-service,WARN,Slow login 900ms uid=u1509,req-18995520,False,False,2026-07-31,0
2026-07-31 00:35:48+00:00,auth-service,INFO,User login success uid=u7410,req-76749487,False,False,2026-07-31,0
2026-07-31 00:36:49+00:00,notification-worker,INFO,Email sent uid=u6950,req-59468104,False,False,2026-07-31,0
2026-07-31 00:37:23+00:00,notification-worker,INFO,Email sent uid=u4172,req-97933602,False,False,2026-07-31,0
2026-07-31 00:37:52+00:00,notification-worker,INFO,Email sent uid=u5556,req-87021154,False,False,2026-07-31,0
2026-07-31 00:39:26+00:00,batch-report,INFO,Daily report job finished rows=1097,req-48835846,False,False,2026-07-31,0
2026-07-31 00:39:49+00:00,web-portal,INFO,Request completed path=/report in 189ms,req-81780879,False,False,2026-07-31,0
2026-07-31 00:42:43+00:00,notification-worker,INFO,Email sent uid=u6449,req-34220993,False,False,2026-07-31,0
2026-07-31 00:43:45+00:00,web-portal,INFO,Request completed path=/home in 424ms,req-22217134,False,False,2026-07-31,0
2026-07-31 00:49:36+00:00,notification-worker,INFO,SMS sent uid=u7468,req-28070303,False,False,2026-07-31,0
2026-07-31 00:52:09+00:00,payment-api,INFO,Balance check ok uid=u6153,req-95691801,False,False,2026-07-31,0
2026-07-31 00:56:03+00:00,batch-report,INFO,Daily report job finished rows=1086,req-91857225,False,False,2026-07-31,0
2026-07-31 00:57:28+00:00,notification-worker,INFO,Email sent uid=u4511,req-33022123,False,False,2026-07-31,0
2026-07-31 00:59:41+00:00,web-portal,INFO,Request completed path=/home in 125ms,req-20880118,False,False,2026-07-31,0
2026-07-31 01:04:13+00:00,web-portal,ERROR,ERR HTTP 502 upstream=payment-api path=/checkout,req-80312606,False,False,2026-07-31,1
2026-07-31 01:04:20+00:00,batch-report,INFO,Daily report job started,req-68283799,False,False,2026-07-31,1
2026-07-31 01:05:04+00:00,web-portal,INFO,Request completed path=/report in 851ms,req-78775814,False,False,2026-07-31,1
2026-07-31 01:08:32+00:00,auth-service,INFO,Session created uid=u3140,req-61092812,False,False,2026-07-31,1
2026-07-31 01:15:26+00:00,auth-service,INFO,Session created uid=u5635,req-76662806,False,False,2026-07-31,1
2026-07-31 01:16:52+00:00,batch-report,WARN,Report row mismatch expected=1115 got=970,req-89421300,False,False,2026-07-31,1
2026-07-31 01:18:36+00:00,auth-service,INFO,Token refreshed uid=u5428,req-66977334,False,False,2026-07-31,1
2026-07-31 01:21:35+00:00,notification-worker,INFO,SMS sent uid=u1321,req-19119383,False,False,2026-07-31,1
2026-07-31 01:23:59+00:00,web-portal,INFO,Request completed path=/report in 768ms,req-55255509,False,False,2026-07-31,1
2026-07-31 01:24:36+00:00,notification-worker,INFO,Email sent uid=u4395,req-63504332,False,False,2026-07-31,1
2026-07-31 01:27:49+00:00,web-portal,INFO,Request completed path=/home in 788ms,req-27845866,False,False,2026-07-31,1
2026-07-31 01:28:34+00:00,web-portal,INFO,Request completed path=/home in 284ms,req-16410742,False,False,2026-07-31,1
2026-07-31 01:32:05+00:00,batch-report,INFO,Daily report job started,req-21862128,False,False,2026-07-31,1
2026-07-31 01:40:45+00:00,batch-report,INFO,Daily report job finished rows=1170,req-23753926,False,False,2026-07-31,1
2026-07-31 01:44:40+00:00,batch-report,INFO,Daily report job started,req-49330435,False,False,2026-07-31,1
2026-07-31 01:45:36+00:00,payment-api,INFO,Payment processed txn=t263482 amount=120000,req-87022789,False,False,2026-07-31,1
2026-07-31 01:45:46+00:00,notification-worker,INFO,SMS sent uid=u3472,req-71786427,False,False,2026-07-31,1
2026-07-31 01:49:52+00:00,batch-report,INFO,Daily report job started,req-69142981,False,False,2026-07-31,1
2026-07-31 01:56:52+00:00,notification-worker,INFO,Email sent uid=u2886,req-24026495,False,False,2026-07-31,1
2026-07-31 01:58:35+00:00,notification-worker,INFO,SMS sent uid=u9978,req-75625144,False,False,2026-07-31,1
2026-07-31 01:58:46+00:00,auth-service,INFO,Token refreshed uid=u4765,req-11658976,False,False,2026-07-31,1
2026-07-31 01:59:58+00:00,notification-worker,INFO,SMS sent uid=u3594,req-22761159,False,False,2026-07-31,1
2026-07-31 02:07:06+00:00,batch-report,INFO,Daily report job started,req-90035643,False,False,2026-07-31,2
2026-07-31 02:10:32+00:00,auth-service,INFO,Token refreshed uid=u6789,req-48832122,False,False,2026-07-31,2
2026-07-31 02:11:57+00:00,auth-service,INFO,Token refreshed uid=u8046,req-52734662,False,False,2026-07-31,2
2026-07-31 02:12:18+00:00,auth-service,INFO,Session created uid=u4193,req-50020641,False,False,2026-07-31,2
2026-07-31 02:16:45+00:00,batch-report,INFO,Daily report job finished rows=903,req-99699727,False,False,2026-07-31,2
2026-07-31 02:17:26+00:00,notification-worker,INFO,Email sent uid=u3069,req-93760970,False,False,2026-07-31,2
2026-07-31 02:21:28+00:00,notification-worker,WARN,Queue depth high depth=2080,req-29104510,False,False,2026-07-31,2
2026-07-31 02:24:40+00:00,payment-api,INFO,Payment processed txn=t139280 amount=250000,req-39406359,False,False,2026-07-31,2
2026-07-31 02:25:04+00:00,notification-worker,INFO,SMS sent uid=u6683,req-13065610,False,False,2026-07-31,2
2026-07-31 02:30:57+00:00,auth-service,ERROR,ERR AuthTokenExpired uid=u9225,req-81895460,False,False,2026-07-31,2
2026-07-31 02:31:59+00:00,auth-service,INFO,Token refreshed uid=u9068,req-30801601,False,False,2026-07-31,2
2026-07-31 02:34:14+00:00,notification-worker,INFO,Email sent uid=u9955,req-26138727,False,False,2026-07-31,2
2026-07-31 02:41:20+00:00,notification-worker,WARN,Queue depth high depth=1516,req-58016004,False,False,2026-07-31,2
2026-07-31 02:42:31+00:00,web-portal,INFO,Request completed path=/report in 550ms,req-64609285,False,False,2026-07-31,2
2026-07-31 02:53:08+00:00,payment-api,INFO,Balance check ok uid=u9605,req-47381443,False,False,2026-07-31,2
2026-07-31 02:57:17+00:00,auth-service,INFO,User login success uid=u4040,req-38215122,False,False,2026-07-31,2
2026-07-31 03:01:14+00:00,auth-service,WARN,Slow login 900ms uid=u5020,req-42397292,False,False,2026-07-31,3
2026-07-31 03:01:28+00:00,auth-service,INFO,Session created uid=u6811,req-66067933,False,False,2026-07-31,3
2026-07-31 03:07:53+00:00,batch-report,WARN,Report row mismatch expected=845 got=866,req-70891460,False,False,2026-07-31,3
2026-07-31 03:08:16+00:00,batch-report,INFO,Daily report job started,req-70033217,False,False,2026-07-31,3
2026-07-31 03:23:05+00:00,web-portal,INFO,Request completed path=/report in 180ms,req-10538139,False,False,2026-07-31,3
2026-07-31 03:24:14+00:00,batch-report,INFO,Daily report job finished rows=1008,req-39075869,False,False,2026-07-31,3
2026-07-31 03:28:12+00:00,web-portal,ERROR,ERR HTTP 502 upstream=payment-api path=/checkout,req-11125006,False,False,2026-07-31,3
2026-07-31 03:28:48+00:00,auth-service,INFO,Session created uid=u7293,req-75892915,False,False,2026-07-31,3
2026-07-31 03:33:13+00:00,web-portal,INFO,Request completed path=/report in 118ms,req-10446705,False,False,2026-07-31,3
2026-07-31 03:39:15+00:00,payment-api,INFO,Payment processed txn=t528379 amount=990000,req-92551005,False,False,2026-07-31,3
2026-07-31 03:42:05+00:00,notification-worker,INFO,SMS sent uid=u5038,req-16415390,False,False,2026-07-31,3
2026-07-31 03:42:56+00:00,notification-worker,INFO,SMS sent uid=u7731,req-16590650,False,False,2026-07-31,3
2026-07-31 03:43:22+00:00,auth-service,INFO,User login success uid=u9565,req-55386805,False,False,2026-07-31,3
2026-07-31 03:52:48+00:00,web-portal,INFO,Request completed path=/home in 752ms,req-30540246,False,False,2026-07-31,3
2026-07-31 03:54:18+00:00,auth-service,INFO,Session created uid=u1004,req-46806704,False,False,2026-07-31,3
2026-07-31 03:54:45+00:00,payment-api,INFO,Balance check ok uid=u9986,req-37500238,False,False,2026-07-31,3
2026-07-31 03:56:53+00:00,web-portal,INFO,Request completed path=/report in 312ms,req-81251601,False,False,2026-07-31,3
2026-07-31 04:06:00+00:00,web-portal,INFO,Request completed path=/report in 774ms,req-65479681,False,False,2026-07-31,4
2026-07-31 04:06:18+00:00,payment-api,INFO,Payment processed txn=t798258 amount=250000,req-28396122,False,False,2026-07-31,4
2026-07-31 04:07:59+00:00,auth-service,INFO,Session created uid=u1376,req-19987762,False,False,2026-07-31,4
2026-07-31 04:09:33+00:00,payment-api,INFO,Balance check ok uid=u2310,req-72938222,False,False,2026-07-31,4
2026-07-31 04:10:22+00:00,web-portal,INFO,Request completed path=/home in 804ms,req-87392091,False,False,2026-07-31,4
2026-07-31 04:11:45+00:00,auth-service,INFO,User login success uid=u5272,req-13251451,False,False,2026-07-31,4
2026-07-31 04:16:03+00:00,payment-api,INFO,Payment processed txn=t769615 amount=120000,req-34572290,False,False,2026-07-31,4
2026-07-31 04:17:35+00:00,notification-worker,WARN,Queue depth high depth=960,req-57594954,False,False,2026-07-31,4
2026-07-31 04:20:55+00:00,payment-api,INFO,Balance check ok uid=u3289,req-15507572,False,False,2026-07-31,4
2026-07-31 04:39:54+00:00,auth-service,INFO,Session created uid=u7054,req-65968870,False,False,2026-07-31,4
2026-07-31 04:40:03+00:00,notification-worker,INFO,SMS sent uid=u9135,req-25924978,False,False,2026-07-31,4
2026-07-31 04:42:52+00:00,batch-report,INFO,Daily report job started,req-52715309,False,False,2026-07-31,4
2026-07-31 04:44:06+00:00,batch-report,INFO,Daily report job finished rows=821,req-94621319,False,False,2026-07-31,4
2026-07-31 04:46:27+00:00,notification-worker,INFO,Email sent uid=u2896,req-53483402,False,False,2026-07-31,4
2026-07-31 04:49:43+00:00,web-portal,INFO,Request completed path=/home in 717ms,req-14226637,False,False,2026-07-31,4
2026-07-31 04:56:22+00:00,notification-worker,INFO,SMS sent uid=u7208,req-78575617,False,False,2026-07-31,4
2026-07-31 04:58:57+00:00,batch-report,WARN,Report row mismatch expected=829 got=1189,req-88325053,False,False,2026-07-31,4
2026-07-31 04:58:58+00:00,notification-worker,INFO,Email sent uid=u5114,req-17972328,False,False,2026-07-31,4
2026-07-31 05:01:57+00:00,notification-worker,INFO,Email sent uid=u8782,req-67118172,False,False,2026-07-31,5
2026-07-31 05:08:55+00:00,web-portal,WARN,Response time 2100ms path=/report,req-72605861,False,False,2026-07-31,5
2026-07-31 05:09:42+00:00,batch-report,INFO,Daily report job started,req-20090296,False,False,2026-07-31,5
2026-07-31 05:11:12+00:00,batch-report,INFO,Daily report job started,req-58146877,False,False,2026-07-31,5
2026-07-31 05:15:20+00:00,auth-service,INFO,Token refreshed uid=u2183,req-38084257,False,False,2026-07-31,5
2026-07-31 05:17:09+00:00,batch-report,INFO,Daily report job finished rows=996,req-43312949,False,False,2026-07-31,5
2026-07-31 05:17:55+00:00,payment-api,INFO,Payment processed txn=t409768 amount=250000,req-97702160,False,False,2026-07-31,5
2026-07-31 05:23:14+00:00,payment-api,WARN,Slow query 1200ms table=tx_history,req-23233496,False,False,2026-07-31,5
2026-07-31 05:23:35+00:00,notification-worker,INFO,Email sent uid=u1499,req-21332672,False,False,2026-07-31,5
2026-07-31 05:23:40+00:00,web-portal,INFO,Request completed path=/report in 565ms,req-37146258,False,False,2026-07-31,5
2026-07-31 05:32:36+00:00,auth-service,INFO,User login success uid=u9785,req-62132821,False,False,2026-07-31,5
2026-07-31 05:36:24+00:00,batch-report,INFO,Daily report job finished rows=908,req-39340542,False,False,2026-07-31,5
2026-07-31 05:36:25+00:00,auth-service,INFO,User login success uid=u4882,req-55786338,False,False,2026-07-31,5
2026-07-31 05:39:04+00:00,payment-api,ERROR,ERR ConnTimeout db-primary after 30s retry=3,req-70253048,False,False,2026-07-31,5
2026-07-31 05:41:09+00:00,notification-worker,INFO,Email sent uid=u1420,req-92443394,False,False,2026-07-31,5
2026-07-31 05:42:15+00:00,web-portal,WARN,Response time 2100ms path=/report,req-35043563,False,False,2026-07-31,5
2026-07-31 05:42:55+00:00,auth-service,INFO,Session created uid=u8276,req-36545674,False,False,2026-07-31,5
2026-07-31 05:43:50+00:00,web-portal,INFO,Request completed path=/report in 499ms,req-47470286,False,False,2026-07-31,5
2026-07-31 05:47:45+00:00,payment-api,WARN,Retry 1/3 calling notification-worker,req-11139490,False,False,2026-07-31,5
2026-07-31 05:50:31+00:00,web-portal,INFO,Request completed path=/report in 176ms,req-96600010,False,False,2026-07-31,5
2026-07-31 05:53:37+00:00,notification-worker,INFO,SMS sent uid=u7943,req-99951979,False,False,2026-07-31,5
2026-07-31 05:54:49+00:00,auth-service,INFO,User login success uid=u7466,req-39294123,False,False,2026-07-31,5
2026-07-31 05:58:52+00:00,auth-service,INFO,Session created uid=u1700,req-86999716,False,False,2026-07-31,5
2026-07-31 06:00:55+00:00,payment-api,WARN,Slow query 1200ms table=tx_history,req-92458452,False,False,2026-07-31,6
2026-07-31 06:09:14+00:00,web-portal,INFO,Request completed path=/report in 465ms,req-37392942,False,False,2026-07-31,6
2026-07-31 06:11:53+00:00,web-portal,INFO,Request completed path=/report in 605ms,req-17118468,False,False,2026-07-31,6
2026-07-31 06:13:16+00:00,web-portal,WARN,Response time 2100ms path=/report,req-42576819,False,False,2026-07-31,6
2026-07-31 06:23:29+00:00,notification-worker,INFO,SMS sent uid=u2037,req-85763872,False,False,2026-07-31,6
2026-07-31 06:30:26+00:00,payment-api,INFO,Balance check ok uid=u9748,req-30497544,False,False,2026-07-31,6
2026-07-31 06:36:59+00:00,notification-worker,INFO,SMS sent uid=u6716,req-90015279,False,False,2026-07-31,6
2026-07-31 06:42:07+00:00,payment-api,UNKNOWN,Heartbeat ok,req-11502307,True,False,2026-07-31,6
2026-07-31 06:43:46+00:00,auth-service,INFO,User login success uid=u2846,req-36862689,False,False,2026-07-31,6
2026-07-31 06:44:02+00:00,batch-report,INFO,Daily report job started,req-85141628,False,False,2026-07-31,6
2026-07-31 06:44:25+00:00,web-portal,INFO,Request completed path=/home in 521ms,req-32732400,False,False,2026-07-31,6
2026-07-31 06:55:22+00:00,web-portal,INFO,Request completed path=/home in 802ms,req-84820714,False,False,2026-07-31,6
2026-07-31 07:00:37+00:00,web-portal,INFO,Request completed path=/report in 279ms,req-36287354,False,False,2026-07-31,7
2026-07-31 07:04:37+00:00,auth-service,INFO,Session created uid=u3082,req-43433510,False,False,2026-07-31,7
2026-07-31 07:04:52+00:00,payment-api,INFO,Payment processed txn=t696948 amount=120000,req-86260745,False,False,2026-07-31,7
2026-07-31 07:07:40+00:00,auth-service,INFO,Token refreshed uid=u6358,req-13867816,False,False,2026-07-31,7
2026-07-31 07:08:08+00:00,batch-report,INFO,Daily report job finished rows=1115,req-61062905,False,False,2026-07-31,7
2026-07-31 07:08:53+00:00,payment-api,INFO,Payment processed txn=t746839 amount=990000,req-15907381,False,False,2026-07-31,7
2026-07-31 07:13:29+00:00,batch-report,INFO,Daily report job started,req-58033697,False,False,2026-07-31,7
2026-07-31 07:14:59+00:00,payment-api,INFO,Payment processed txn=t609867 amount=120000,req-60562450,False,False,2026-07-31,7
2026-07-31 07:15:08+00:00,payment-api,INFO,Balance check ok uid=u5353,req-73937051,False,False,2026-07-31,7
2026-07-31 07:21:55+00:00,batch-report,WARN,Report row mismatch expected=1117 got=1153,req-66302151,False,False,2026-07-31,7
2026-07-31 07:26:52+00:00,notification-worker,INFO,Email sent uid=u2974,req-91465153,False,False,2026-07-31,7
2026-07-31 07:27:02+00:00,web-portal,WARN,Response time 2100ms path=/report,req-52288490,False,False,2026-07-31,7
2026-07-31 07:27:05+00:00,auth-service,INFO,Token refreshed uid=u2971,req-21555511,False,False,2026-07-31,7
2026-07-31 07:31:57+00:00,payment-api,INFO,Payment processed txn=t728934 amount=250000,req-61347982,False,False,2026-07-31,7
2026-07-31 07:36:53+00:00,notification-worker,INFO,SMS sent uid=u2140,req-24208449,False,False,2026-07-31,7
2026-07-31 07:38:15+00:00,web-portal,INFO,Request completed path=/report in 412ms,req-56316611,False,False,2026-07-31,7
2026-07-31 07:46:03+00:00,notification-worker,ERROR,ERR SMTPConnRefused host=mail-gw,req-15877509,False,False,2026-07-31,7
2026-07-31 07:48:39+00:00,web-portal,INFO,Request completed path=/home in 77ms,req-64913597,False,False,2026-07-31,7
2026-07-31 07:50:57+00:00,web-portal,ERROR,ERR HTTP 502 upstream=payment-api path=/checkout,req-55324613,False,False,2026-07-31,7
2026-07-31 07:51:39+00:00,batch-report,INFO,Daily report job started,req-99945548,False,False,2026-07-31,7
2026-07-31 07:52:38+00:00,web-portal,INFO,Request completed path=/report in 130ms,req-87265763,False,False,2026-07-31,7
2026-07-31 07:56:04+00:00,payment-api,INFO,Payment processed txn=t470425 amount=990000,req-40990266,False,False,2026-07-31,7
2026-07-31 08:05:23+00:00,batch-report,INFO,Daily report job finished rows=1007,req-20684663,False,False,2026-07-31,8
2026-07-31 08:05:33+00:00,batch-report,INFO,Daily report job started,req-24255348,False,False,2026-07-31,8
2026-07-31 08:07:52+00:00,auth-service,INFO,User login success uid=u1050,req-29611920,False,False,2026-07-31,8
2026-07-31 08:08:04+00:00,payment-api,INFO,Payment processed txn=t816212 amount=990000,req-23628162,False,False,2026-07-31,8
2026-07-31 08:09:47+00:00,batch-report,WARN,Report row mismatch expected=1119 got=761,req-87438875,False,False,2026-07-31,8
2026-07-31 08:12:39+00:00,auth-service,INFO,Session created uid=u8842,req-28478172,False,False,2026-07-31,8
2026-07-31 08:13:05+00:00,web-portal,ERROR,ERR HTTP 502 upstream=payment-api path=/checkout,req-92124494,False,False,2026-07-31,8
2026-07-31 08:13:21+00:00,web-portal,ERROR,ERR HTTP 502 upstream=payment-api path=/checkout,req-64664065,False,False,2026-07-31,8
2026-07-31 08:19:17+00:00,payment-api,INFO,Balance check ok uid=u5409,req-88583752,False,False,2026-07-31,8
2026-07-31 08:21:52+00:00,web-portal,INFO,Request completed path=/home in 613ms,req-28148672,False,False,2026-07-31,8
2026-07-31 08:26:00+00:00,batch-report,INFO,Daily report job finished rows=890,req-64817898,False,False,2026-07-31,8
2026-07-31 08:27:21+00:00,payment-api,INFO,Payment processed txn=t254546 amount=250000,req-11502382,False,False,2026-07-31,8
2026-07-31 08:29:57+00:00,auth-service,INFO,Token refreshed uid=u6120,req-87473129,False,False,2026-07-31,8
2026-07-31 08:36:20+00:00,payment-api,INFO,Balance check ok uid=u3485,req-37265151,False,False,2026-07-31,8
2026-07-31 08:37:05+00:00,web-portal,INFO,Request completed path=/report in 850ms,req-15928471,False,False,2026-07-31,8
2026-07-31 08:45:58+00:00,auth-service,INFO,Token refreshed uid=u9692,req-18270439,False,False,2026-07-31,8
2026-07-31 08:56:35+00:00,payment-api,INFO,Balance check ok uid=u7416,req-29641411,False,False,2026-07-31,8
2026-07-31 08:56:56+00:00,payment-api,INFO,Balance check ok uid=u8453,req-15673858,False,False,2026-07-31,8
2026-07-31 09:02:17+00:00,notification-worker,INFO,SMS sent uid=u4822,req-38311272,False,False,2026-07-31,9
2026-07-31 09:10:21+00:00,batch-report,INFO,Daily report job started,req-88867841,False,False,2026-07-31,9
2026-07-31 09:10:44+00:00,web-portal,INFO,Request completed path=/home in 202ms,req-71572062,False,False,2026-07-31,9
2026-07-31 09:10:53+00:00,web-portal,INFO,Request completed path=/home in 514ms,req-53430116,False,False,2026-07-31,9
2026-07-31 09:12:03+00:00,auth-service,INFO,Token refreshed uid=u4146,req-32398512,False,False,2026-07-31,9
2026-07-31 09:15:21+00:00,notification-worker,INFO,SMS sent uid=u8167,req-88537126,False,False,2026-07-31,9
2026-07-31 09:17:35+00:00,batch-report,INFO,Daily report job finished rows=1119,req-98150338,False,False,2026-07-31,9
2026-07-31 09:30:22+00:00,batch-report,INFO,Daily report job started,req-91402258,False,False,2026-07-31,9
2026-07-31 09:30:47+00:00,web-portal,INFO,Request completed path=/home in 691ms,req-79241678,False,False,2026-07-31,9
2026-07-31 09:31:26+00:00,auth-service,INFO,Token refreshed uid=u4160,req-21381032,False,False,2026-07-31,9
2026-07-31 09:37:09+00:00,web-portal,INFO,Request completed path=/home in 227ms,req-20581573,False,False,2026-07-31,9
2026-07-31 09:45:02+00:00,web-portal,INFO,Request completed path=/home in 298ms,req-81040051,False,False,2026-07-31,9
2026-07-31 09:49:56+00:00,web-portal,INFO,Request completed path=/home in 385ms,req-72451136,False,False,2026-07-31,9
2026-07-31 10:01:36+00:00,batch-report,INFO,Daily report job finished rows=904,req-23638593,False,False,2026-07-31,10
2026-07-31 10:11:12+00:00,web-portal,WARN,Response time 2100ms path=/report,req-59442025,False,False,2026-07-31,10
2026-07-31 10:11:37+00:00,auth-service,INFO,User login success uid=u7840,req-50540480,False,False,2026-07-31,10
2026-07-31 10:13:28+00:00,auth-service,INFO,User login success uid=u5613,req-35242303,False,False,2026-07-31,10
2026-07-31 10:17:04+00:00,payment-api,ERROR,ERR ConnTimeout db-primary after 30s retry=3,req-68429652,False,False,2026-07-31,10
2026-07-31 10:27:24+00:00,payment-api,INFO,Payment processed txn=t654584 amount=990000,req-82674732,False,False,2026-07-31,10
2026-07-31 10:29:17+00:00,auth-service,INFO,Token refreshed uid=u2003,req-36537596,False,False,2026-07-31,10
2026-07-31 10:31:12+00:00,payment-api,INFO,Balance check ok uid=u9413,req-56776651,False,False,2026-07-31,10
2026-07-31 10:41:29+00:00,payment-api,ERROR,ERR PaymentDeclined txn=t538272 code=51,req-38259178,False,False,2026-07-31,10
2026-07-31 10:43:08+00:00,batch-report,INFO,Daily report job started,req-33504699,False,False,2026-07-31,10
2026-07-31 10:44:28+00:00,payment-api,INFO,Payment processed txn=t820480 amount=250000,req-37442758,False,False,2026-07-31,10
2026-07-31 10:46:50+00:00,auth-service,INFO,User login success uid=u1414,req-69953058,False,False,2026-07-31,10
2026-07-31 10:55:58+00:00,web-portal,INFO,Request completed path=/report in 724ms,req-45616810,False,False,2026-07-31,10
2026-07-31 11:03:37+00:00,auth-service,WARN,Slow login 900ms uid=u8020,req-75945661,False,False,2026-07-31,11
2026-07-31 11:09:51+00:00,auth-service,INFO,User login success uid=u5310,req-98504582,False,False,2026-07-31,11
2026-07-31 11:16:47+00:00,auth-service,ERROR,ERR AuthTokenExpired uid=u8392,req-89648700,False,False,2026-07-31,11
2026-07-31 11:20:27+00:00,web-portal,INFO,Request completed path=/report in 605ms,req-64176956,False,False,2026-07-31,11
2026-07-31 11:20:41+00:00,payment-api,INFO,Balance check ok uid=u3730,req-86854285,False,False,2026-07-31,11
2026-07-31 11:23:25+00:00,web-portal,INFO,Request completed path=/report in 853ms,req-49210089,False,False,2026-07-31,11
2026-07-31 11:26:11+00:00,web-portal,INFO,Request completed path=/home in 559ms,req-15925231,False,False,2026-07-31,11
2026-07-31 11:28:13+00:00,notification-worker,INFO,Email sent uid=u5084,req-91947761,False,False,2026-07-31,11
2026-07-31 11:28:42+00:00,auth-service,INFO,User login success uid=u7144,req-63088171,False,False,2026-07-31,11
2026-07-31 11:37:00+00:00,auth-service,INFO,Token refreshed uid=u8385,req-52073858,False,False,2026-07-31,11
2026-07-31 11:37:49+00:00,notification-worker,INFO,SMS sent uid=u5277,req-14346370,False,False,2026-07-31,11
2026-07-31 11:38:14+00:00,auth-service,WARN,Slow login 900ms uid=u6758,req-82345677,False,False,2026-07-31,11
2026-07-31 11:43:53+00:00,web-portal,INFO,Request completed path=/report in 77ms,req-86630175,False,False,2026-07-31,11
2026-07-31 11:50:11+00:00,notification-worker,INFO,Email sent uid=u6958,req-37271231,False,False,2026-07-31,11
2026-07-31 11:51:01+00:00,payment-api,INFO,Payment processed txn=t903575 amount=250000,req-17630287,False,False,2026-07-31,11
2026-07-31 11:51:02+00:00,auth-service,INFO,User login success uid=u7116,req-39403268,False,False,2026-07-31,11
2026-07-31 11:51:46+00:00,notification-worker,INFO,Email sent uid=u3978,req-65289687,False,False,2026-07-31,11
2026-07-31 11:54:04+00:00,notification-worker,INFO,SMS sent uid=u3265,req-28081314,False,False,2026-07-31,11
2026-07-31 11:55:59+00:00,web-portal,INFO,Request completed path=/report in 180ms,req-23438230,False,False,2026-07-31,11
2026-07-31 12:02:49+00:00,batch-report,INFO,Daily report job started,req-43657954,False,False,2026-07-31,12
2026-07-31 12:04:17+00:00,web-portal,WARN,Response time 2100ms path=/report,req-48882364,False,False,2026-07-31,12
2026-07-31 12:11:48+00:00,payment-api,INFO,Payment processed txn=t808942 amount=990000,req-99883548,False,False,2026-07-31,12
2026-07-31 12:17:30+00:00,payment-api,INFO,Payment processed txn=t397992 amount=990000,req-86586930,False,False,2026-07-31,12
2026-07-31 12:39:52+00:00,web-portal,INFO,Request completed path=/report in 500ms,req-73999739,False,False,2026-07-31,12
2026-07-31 12:42:18+00:00,web-portal,INFO,Request completed path=/report in 609ms,req-23087728,False,False,2026-07-31,12
2026-07-31 12:43:05+00:00,notification-worker,INFO,SMS sent uid=u4450,req-41782201,False,False,2026-07-31,12
2026-07-31 12:44:46+00:00,notification-worker,INFO,Email sent uid=u8865,req-85435906,False,False,2026-07-31,12
2026-07-31 12:53:25+00:00,notification-worker,WARN,Queue depth high depth=2130,req-34390750,False,False,2026-07-31,12
2026-07-31 13:08:53+00:00,web-portal,INFO,Request completed path=/report in 310ms,req-43229057,False,False,2026-07-31,13
2026-07-31 13:24:28+00:00,web-portal,WARN,Response time 2100ms path=/report,req-21028439,False,False,2026-07-31,13
2026-07-31 13:30:13+00:00,notification-worker,INFO,Email sent uid=u8255,req-43030652,False,False,2026-07-31,13
2026-07-31 13:38:10+00:00,batch-report,INFO,Daily report job finished rows=1001,req-62890778,False,False,2026-07-31,13
2026-07-31 13:42:36+00:00,payment-api,INFO,Payment processed txn=t103425 amount=50000,req-71036929,False,False,2026-07-31,13
2026-07-31 13:44:12+00:00,web-portal,ERROR,ERR HTTP 502 upstream=payment-api path=/checkout,req-26065988,False,False,2026-07-31,13
2026-07-31 13:44:29+00:00,auth-service,INFO,Token refreshed uid=u1489,req-11780943,False,False,2026-07-31,13
2026-07-31 13:49:57+00:00,web-portal,INFO,Request completed path=/home in 290ms,req-57899710,False,False,2026-07-31,13
2026-07-31 13:52:14+00:00,payment-api,INFO,Balance check ok uid=u1335,req-22007239,False,False,2026-07-31,13
2026-07-31 13:53:16+00:00,payment-api,INFO,Payment processed txn=t150309 amount=120000,req-22398601,False,False,2026-07-31,13
2026-07-31 13:53:18+00:00,auth-service,INFO,Token refreshed uid=u3447,req-30272064,False,False,2026-07-31,13
2026-07-31 13:58:16+00:00,notification-worker,WARN,Queue depth high depth=1588,req-70808652,False,False,2026-07-31,13
2026-07-31 14:02:50+00:00,notification-worker,INFO,SMS sent uid=u9038,req-95539887,False,False,2026-07-31,14
2026-07-31 14:05:11+00:00,auth-service,INFO,User login success uid=u6249,req-91263173,False,False,2026-07-31,14
2026-07-31 14:06:33+00:00,auth-service,INFO,Token refreshed uid=u7484,req-83823922,False,False,2026-07-31,14
2026-07-31 14:08:50+00:00,auth-service,INFO,Token refreshed uid=u6363,req-74448074,False,False,2026-07-31,14
2026-07-31 14:13:51+00:00,payment-api,WARN,Slow query 1200ms table=tx_history,req-19621170,False,False,2026-07-31,14
2026-07-31 14:19:06+00:00,payment-api,INFO,Balance check ok uid=u5601,req-51358100,False,False,2026-07-31,14
2026-07-31 14:22:53+00:00,notification-worker,INFO,SMS sent uid=u9670,req-89231027,False,False,2026-07-31,14
2026-07-31 14:23:18+00:00,notification-worker,WARN,Queue depth high depth=2240,req-12960149,False,False,2026-07-31,14
2026-07-31 14:33:29+00:00,payment-api,WARN,Retry 1/3 calling notification-worker,req-93625448,False,False,2026-07-31,14
2026-07-31 14:36:40+00:00,batch-report,INFO,Daily report job finished rows=805,req-23644112,False,False,2026-07-31,14
2026-07-31 14:41:55+00:00,web-portal,INFO,Request completed path=/report in 287ms,req-99717427,False,False,2026-07-31,14
2026-07-31 14:43:41+00:00,web-portal,INFO,Request completed path=/home in 315ms,req-66401535,False,False,2026-07-31,14
2026-07-31 14:44:35+00:00,batch-report,INFO,Daily report job finished rows=1133,req-19764779,False,False,2026-07-31,14
2026-07-31 14:46:45+00:00,payment-api,WARN,Retry 1/3 calling notification-worker,req-25868079,False,False,2026-07-31,14
2026-07-31 14:51:17+00:00,auth-service,INFO,Session created uid=u2743,req-10080009,False,False,2026-07-31,14
2026-07-31 14:56:03+00:00,web-portal,INFO,Request completed path=/home in 845ms,req-34798930,False,False,2026-07-31,14
2026-07-31 15:00:48+00:00,web-portal,INFO,Request completed path=/report in 145ms,req-69227756,False,False,2026-07-31,15
2026-07-31 15:03:05+00:00,web-portal,INFO,Request completed path=/home in 330ms,req-11847858,False,False,2026-07-31,15
2026-07-31 15:12:51+00:00,notification-worker,INFO,SMS sent uid=u3001,req-39375700,False,False,2026-07-31,15
2026-07-31 15:15:16+00:00,auth-service,INFO,User login success uid=u2833,req-44187558,False,False,2026-07-31,15
2026-07-31 15:21:41+00:00,auth-service,WARN,Slow login 900ms uid=u6857,req-56059442,False,False,2026-07-31,15
2026-07-31 15:22:38+00:00,web-portal,INFO,Request completed path=/report in 47ms,req-65807870,False,False,2026-07-31,15
2026-07-31 15:24:38+00:00,payment-api,INFO,Balance check ok uid=u3751,req-19043872,False,False,2026-07-31,15
2026-07-31 15:25:56+00:00,notification-worker,INFO,Email sent uid=u6882,req-27493080,False,False,2026-07-31,15
2026-07-31 15:30:30+00:00,batch-report,INFO,Daily report job finished rows=897,req-52103387,False,False,2026-07-31,15
2026-07-31 15:31:02+00:00,notification-worker,INFO,SMS sent uid=u1366,req-81275948,False,False,2026-07-31,15
2026-07-31 15:31:09+00:00,batch-report,WARN,Report row mismatch expected=808 got=1191,req-30090581,False,False,2026-07-31,15
2026-07-31 15:33:00+00:00,notification-worker,INFO,Email sent uid=u6356,req-83908190,False,False,2026-07-31,15
2026-07-31 15:34:22+00:00,web-portal,INFO,Request completed path=/home in 183ms,req-79518752,False,False,2026-07-31,15
2026-07-31 15:35:12+00:00,notification-worker,INFO,Email sent uid=u6444,req-51183538,False,False,2026-07-31,15
2026-07-31 15:38:53+00:00,batch-report,INFO,Daily report job started,req-94071070,False,False,2026-07-31,15
2026-07-31 15:41:08+00:00,web-portal,INFO,Request completed path=/home in 145ms,req-41045155,False,False,2026-07-31,15
2026-07-31 15:43:19+00:00,web-portal,INFO,Request completed path=/report in 893ms,req-11023114,False,False,2026-07-31,15
2026-07-31 15:43:26+00:00,payment-api,INFO,Payment processed txn=t436055 amount=990000,req-62449097,False,False,2026-07-31,15
2026-07-31 15:50:08+00:00,web-portal,INFO,Request completed path=/home in 591ms,req-48183020,False,False,2026-07-31,15
2026-07-31 15:51:01+00:00,auth-service,INFO,Session created uid=u9004,req-58859923,False,False,2026-07-31,15
2026-07-31 16:12:14+00:00,auth-service,INFO,Token refreshed uid=u7249,req-96674066,False,False,2026-07-31,16
2026-07-31 16:14:31+00:00,payment-api,INFO,Payment processed txn=t491451 amount=250000,req-88130892,False,False,2026-07-31,16
2026-07-31 16:16:38+00:00,web-portal,INFO,Request completed path=/home in 417ms,req-98519306,False,False,2026-07-31,16
2026-07-31 16:19:27+00:00,payment-api,INFO,Payment processed txn=t450267 amount=990000,req-59387766,False,False,2026-07-31,16
2026-07-31 16:21:54+00:00,auth-service,INFO,User login success uid=u7382,req-58826054,False,False,2026-07-31,16
2026-07-31 16:29:53+00:00,batch-report,INFO,Daily report job started,req-69500546,False,False,2026-07-31,16
2026-07-31 16:30:50+00:00,batch-report,INFO,Daily report job started,req-79562011,False,False,2026-07-31,16
2026-07-31 16:34:42+00:00,notification-worker,INFO,Email sent uid=u5939,req-33640730,False,False,2026-07-31,16
2026-07-31 16:36:42+00:00,auth-service,INFO,Token refreshed uid=u8741,req-83957197,False,False,2026-07-31,16
2026-07-31 16:37:43+00:00,batch-report,INFO,Daily report job finished rows=1020,req-82726901,False,False,2026-07-31,16
2026-07-31 16:49:59+00:00,payment-api,WARN,Slow query 1200ms table=tx_history,req-14299495,False,False,2026-07-31,16
2026-07-31 16:52:13+00:00,notification-worker,WARN,Queue depth high depth=1594,req-15789440,False,False,2026-07-31,16
2026-07-31 16:54:28+00:00,auth-service,INFO,Token refreshed uid=u8408,req-13285625,False,False,2026-07-31,16
2026-07-31 17:05:15+00:00,payment-api,INFO,Payment processed txn=t195407 amount=990000,req-43768232,False,False,2026-07-31,17
2026-07-31 17:14:43+00:00,payment-api,INFO,Balance check ok uid=u1549,req-18747686,False,False,2026-07-31,17
2026-07-31 17:16:08+00:00,notification-worker,INFO,SMS sent uid=u6246,req-61036278,False,False,2026-07-31,17
2026-07-31 17:16:50+00:00,payment-api,INFO,Balance check ok uid=u7575,req-21593395,False,False,2026-07-31,17
2026-07-31 17:23:31+00:00,payment-api,INFO,Payment processed txn=t176116 amount=120000,req-93969764,False,False,2026-07-31,17
2026-07-31 17:24:48+00:00,payment-api,INFO,Balance check ok uid=u8843,req-19518525,False,False,2026-07-31,17
2026-07-31 17:30:16+00:00,web-portal,INFO,Request completed path=/home in 98ms,req-13468355,False,False,2026-07-31,17
2026-07-31 17:30:48+00:00,web-portal,INFO,Request completed path=/home in 790ms,req-43711159,False,False,2026-07-31,17
2026-07-31 17:35:59+00:00,payment-api,WARN,Retry 1/3 calling notification-worker,req-89415669,False,False,2026-07-31,17
2026-07-31 17:38:50+00:00,auth-service,INFO,Token refreshed uid=u6147,req-91212652,False,False,2026-07-31,17
2026-07-31 17:42:14+00:00,payment-api,INFO,Balance check ok uid=u3040,req-91820094,False,False,2026-07-31,17
2026-07-31 17:43:22+00:00,payment-api,INFO,Balance check ok uid=u7541,req-65807734,False,False,2026-07-31,17
2026-07-31 17:54:29+00:00,payment-api,WARN,Retry 1/3 calling notification-worker,req-48449029,False,False,2026-07-31,17
2026-07-31 17:54:51+00:00,notification-worker,INFO,SMS sent uid=u5919,req-13327277,False,False,2026-07-31,17
2026-07-31 17:55:36+00:00,batch-report,INFO,Daily report job started,req-22882933,False,False,2026-07-31,17
2026-07-31 17:59:39+00:00,auth-service,INFO,Session created uid=u4545,req-55443506,False,False,2026-07-31,17
2026-07-31 18:00:16+00:00,auth-service,INFO,User login success uid=u9884,req-28473928,False,False,2026-07-31,18
2026-07-31 18:02:58+00:00,batch-report,INFO,Daily report job finished rows=862,req-70061004,False,False,2026-07-31,18
2026-07-31 18:14:37+00:00,web-portal,INFO,Request completed path=/report in 380ms,req-46701305,False,False,2026-07-31,18
2026-07-31 18:27:13+00:00,notification-worker,INFO,SMS sent uid=u7124,req-44829591,False,False,2026-07-31,18
2026-07-31 18:38:08+00:00,auth-service,UNKNOWN,Heartbeat ok,req-18963036,True,False,2026-07-31,18
2026-07-31 18:48:49+00:00,auth-service,ERROR,ERR AuthTokenExpired uid=u9046,req-90681007,False,False,2026-07-31,18
2026-07-31 18:56:24+00:00,batch-report,INFO,Daily report job started,req-56262553,False,False,2026-07-31,18
2026-07-31 18:59:51+00:00,notification-worker,INFO,Email sent uid=u4343,req-48105685,False,False,2026-07-31,18
2026-07-31 19:13:01+00:00,batch-report,INFO,Daily report job started,req-99537557,False,False,2026-07-31,19
2026-07-31 19:14:08+00:00,web-portal,WARN,Response time 2100ms path=/report,req-28991936,False,False,2026-07-31,19
2026-07-31 19:14:08+00:00,web-portal,INFO,Request completed path=/report in 375ms,req-66334691,False,False,2026-07-31,19
2026-07-31 19:23:17+00:00,notification-worker,INFO,Email sent uid=u3704,req-99275902,False,False,2026-07-31,19
2026-07-31 19:24:25+00:00,web-portal,INFO,Request completed path=/home in 151ms,req-38425325,False,False,2026-07-31,19
2026-07-31 19:24:26+00:00,batch-report,INFO,Daily report job started,req-87234743,False,False,2026-07-31,19
2026-07-31 19:29:17+00:00,web-portal,INFO,Request completed path=/report in 553ms,req-90563516,False,False,2026-07-31,19
2026-07-31 19:37:16+00:00,batch-report,ERROR,ERR NullPointer in ReportBuilder step=aggregate,req-78479007,False,False,2026-07-31,19
2026-07-31 19:37:28+00:00,web-portal,INFO,Request completed path=/home in 305ms,req-28277763,False,False,2026-07-31,19
2026-07-31 19:37:31+00:00,web-portal,INFO,Request completed path=/home in 286ms,req-82970220,False,False,2026-07-31,19
2026-07-31 19:42:24+00:00,payment-api,INFO,Payment processed txn=t315093 amount=990000,req-12780428,False,False,2026-07-31,19
2026-07-31 19:47:13+00:00,web-portal,WARN,Response time 2100ms path=/report,req-73059790,False,False,2026-07-31,19
2026-07-31 19:52:15+00:00,web-portal,INFO,Request completed path=/home in 334ms,req-30210136,False,False,2026-07-31,19
2026-07-31 19:57:06+00:00,payment-api,INFO,Payment processed txn=t170557 amount=120000,req-95255730,False,False,2026-07-31,19
2026-07-31 20:00:01+00:00,auth-service,INFO,Token refreshed uid=u5549,req-68096981,False,False,2026-07-31,20
2026-07-31 20:05:18+00:00,web-portal,INFO,Request completed path=/home in 152ms,req-80065443,False,False,2026-07-31,20
2026-07-31 20:05:31+00:00,notification-worker,WARN,Queue depth high depth=2765,req-84918674,False,False,2026-07-31,20
2026-07-31 20:09:19+00:00,web-portal,INFO,Request completed path=/report in 845ms,req-51883739,False,False,2026-07-31,20
2026-07-31 20:13:25+00:00,batch-report,INFO,Daily report job started,req-61603116,False,False,2026-07-31,20
2026-07-31 20:15:14+00:00,notification-worker,ERROR,ERR SMTPConnRefused host=mail-gw,req-32222880,False,False,2026-07-31,20
2026-07-31 20:17:56+00:00,notification-worker,INFO,Email sent uid=u9107,req-69473831,False,False,2026-07-31,20
2026-07-31 20:18:46+00:00,batch-report,INFO,Daily report job started,req-14096369,False,False,2026-07-31,20
2026-07-31 20:26:20+00:00,batch-report,INFO,Daily report job finished rows=935,req-25546247,False,False,2026-07-31,20
2026-07-31 20:29:53+00:00,web-portal,INFO,Request completed path=/report in 192ms,req-53169846,False,False,2026-07-31,20
2026-07-31 20:30:34+00:00,payment-api,INFO,Payment processed txn=t776831 amount=50000,req-62193231,False,False,2026-07-31,20
2026-07-31 20:35:10+00:00,batch-report,INFO,Daily report job started,req-81609993,False,False,2026-07-31,20
2026-07-31 20:50:28+00:00,batch-report,INFO,Daily report job started,req-95449737,False,False,2026-07-31,20
2026-07-31 20:57:03+00:00,auth-service,INFO,Session created uid=u4102,req-35105164,False,False,2026-07-31,20
2026-07-31 20:59:48+00:00,web-portal,INFO,Request completed path=/report in 100ms,req-35833126,False,False,2026-07-31,20
2026-07-31 21:06:32+00:00,auth-service,INFO,Token refreshed uid=u5475,req-30574887,False,False,2026-07-31,21
2026-07-31 21:07:24+00:00,web-portal,INFO,Request completed path=/report in 838ms,req-62214255,False,False,2026-07-31,21
2026-07-31 21:13:02+00:00,auth-service,INFO,User login success uid=u8549,req-17538528,False,False,2026-07-31,21
2026-07-31 21:21:11+00:00,auth-service,INFO,User login success uid=u3105,req-84165377,False,False,2026-07-31,21
2026-07-31 21:22:03+00:00,notification-worker,INFO,Email sent uid=u6705,req-47203031,False,False,2026-07-31,21
2026-07-31 21:22:35+00:00,auth-service,WARN,Slow login 900ms uid=u6751,req-21653940,False,False,2026-07-31,21
2026-07-31 21:22:49+00:00,auth-service,INFO,User login success uid=u3794,req-53535905,False,False,2026-07-31,21
2026-07-31 21:25:12+00:00,batch-report,ERROR,ERR NullPointer in ReportBuilder step=aggregate,req-33860571,False,False,2026-07-31,21
2026-07-31 21:25:54+00:00,notification-worker,UNKNOWN,Heartbeat ok,req-51570260,True,False,2026-07-31,21
2026-07-31 21:27:23+00:00,web-portal,INFO,Request completed path=/report in 514ms,req-52302682,False,False,2026-07-31,21
2026-07-31 21:28:09+00:00,auth-service,INFO,User login success uid=u1589,req-20821631,False,False,2026-07-31,21
2026-07-31 21:28:23+00:00,payment-api,WARN,Slow query 1200ms table=tx_history,req-40359901,False,False,2026-07-31,21
2026-07-31 21:29:48+00:00,payment-api,INFO,Balance check ok uid=u3291,req-40477018,False,False,2026-07-31,21
2026-07-31 21:34:27+00:00,batch-report,INFO,Daily report job finished rows=965,req-63094995,False,False,2026-07-31,21
2026-07-31 21:41:17+00:00,notification-worker,WARN,Queue depth high depth=2546,req-89246165,False,False,2026-07-31,21
2026-07-31 21:46:52+00:00,payment-api,INFO,Payment processed txn=t472007 amount=990000,req-54486784,False,False,2026-07-31,21
2026-07-31 21:48:32+00:00,batch-report,WARN,Report row mismatch expected=1067 got=1126,req-88111625,False,False,2026-07-31,21
2026-07-31 21:50:19+00:00,payment-api,INFO,Balance check ok uid=u1506,req-96087267,False,False,2026-07-31,21
2026-07-31 22:01:47+00:00,batch-report,WARN,Report row mismatch expected=939 got=884,req-41542499,False,False,2026-07-31,22
2026-07-31 22:02:05+00:00,payment-api,INFO,Payment processed txn=t559378 amount=990000,req-80487824,False,False,2026-07-31,22
2026-07-31 22:04:49+00:00,web-portal,WARN,Response time 2100ms path=/report,req-39096022,False,False,2026-07-31,22
2026-07-31 22:05:02+00:00,payment-api,INFO,Balance check ok uid=u4366,req-32599802,False,False,2026-07-31,22
2026-07-31 22:11:58+00:00,batch-report,INFO,Daily report job finished rows=843,req-70648113,False,False,2026-07-31,22
2026-07-31 22:13:45+00:00,notification-worker,INFO,Email sent uid=u8308,req-32165081,False,False,2026-07-31,22
2026-07-31 22:15:35+00:00,batch-report,INFO,Daily report job finished rows=868,req-87316551,False,False,2026-07-31,22
2026-07-31 22:22:06+00:00,web-portal,INFO,Request completed path=/report in 404ms,req-62060463,False,False,2026-07-31,22
2026-07-31 22:23:15+00:00,payment-api,INFO,Balance check ok uid=u9348,req-76724126,False,False,2026-07-31,22
2026-07-31 22:23:56+00:00,notification-worker,INFO,SMS sent uid=u9404,req-13008243,False,False,2026-07-31,22
2026-07-31 22:28:58+00:00,notification-worker,INFO,Email sent uid=u1522,req-68738639,False,False,2026-07-31,22
2026-07-31 22:31:05+00:00,auth-service,INFO,Session created uid=u8028,req-55781296,False,False,2026-07-31,22
2026-07-31 22:31:38+00:00,batch-report,UNKNOWN,Heartbeat ok,req-51396067,True,False,2026-07-31,22
2026-07-31 22:33:24+00:00,batch-report,INFO,Daily report job finished rows=819,req-32537795,False,False,2026-07-31,22
2026-07-31 22:36:43+00:00,web-portal,ERROR,ERR HTTP 502 upstream=payment-api path=/checkout,req-20234362,False,False,2026-07-31,22
2026-07-31 22:40:54+00:00,notification-worker,INFO,Email sent uid=u4507,req-55273409,False,False,2026-07-31,22
2026-07-31 22:43:13+00:00,auth-service,INFO,User login success uid=u5916,req-95123938,False,False,2026-07-31,22
2026-07-31 22:45:46+00:00,batch-report,INFO,Daily report job started,req-99062872,False,False,2026-07-31,22
2026-07-31 22:46:35+00:00,web-portal,WARN,Response time 2100ms path=/report,req-79211163,False,False,2026-07-31,22
2026-07-31 22:49:20+00:00,notification-worker,INFO,SMS sent uid=u1408,req-88989050,False,False,2026-07-31,22
2026-07-31 22:51:29+00:00,batch-report,INFO,Daily report job started,req-68581283,False,False,2026-07-31,22
2026-07-31 22:56:56+00:00,notification-worker,WARN,Queue depth high depth=2850,req-39796682,False,False,2026-07-31,22
2026-07-31 23:04:40+00:00,web-portal,INFO,Request completed path=/report in 511ms,req-55322842,False,False,2026-07-31,23
2026-07-31 23:07:17+00:00,web-portal,INFO,Request completed path=/home in 401ms,req-75755054,False,False,2026-07-31,23
2026-07-31 23:16:36+00:00,auth-service,INFO,Token refreshed uid=u6681,req-56632220,False,False,2026-07-31,23
2026-07-31 23:24:58+00:00,notification-worker,INFO,SMS sent uid=u7771,req-32509513,False,False,2026-07-31,23
2026-07-31 23:34:09+00:00,payment-api,INFO,Balance check ok uid=u9514,req-32400338,False,False,2026-07-31,23
2026-07-31 23:35:30+00:00,payment-api,WARN,Slow query 1200ms table=tx_history,req-49114136,False,False,2026-07-31,23
2026-07-31 23:37:08+00:00,web-portal,INFO,Request completed path=/report in 362ms,req-22881862,False,False,2026-07-31,23
2026-07-31 23:50:30+00:00,batch-report,INFO,Daily report job started,req-63908997,False,False,2026-07-31,23
2026-07-31 23:56:43+00:00,notification-worker,INFO,SMS sent uid=u4950,req-68993592,False,False,2026-07-31,23
2026-08-01 00:01:11+00:00,batch-report,INFO,Daily report job started,req-50952683,False,False,2026-08-01,0
2026-08-01 00:01:22+00:00,batch-report,INFO,Daily report job started,req-23666386,False,False,2026-08-01,0
2026-08-01 00:06:33+00:00,auth-service,ERROR,ERR AuthTokenExpired uid=u5545,req-77978901,False,False,2026-08-01,0
2026-08-01 00:08:17+00:00,notification-worker,INFO,SMS sent uid=u9345,req-63712506,False,False,2026-08-01,0
2026-08-01 00:11:45+00:00,web-portal,WARN,Response time 2100ms path=/report,req-63154202,False,False,2026-08-01,0
2026-08-01 00:22:47+00:00,batch-report,INFO,Daily report job started,req-96747374,False,False,2026-08-01,0
2026-08-01 00:25:48+00:00,auth-service,INFO,Token refreshed uid=u1585,req-69128491,False,False,2026-08-01,0
2026-08-01 00:28:29+00:00,auth-service,INFO,User login success uid=u7438,req-47875241,False,False,2026-08-01,0
2026-08-01 00:32:10+00:00,notification-worker,INFO,Email sent uid=u3780,req-38626933,False,False,2026-08-01,0
2026-08-01 00:32:47+00:00,auth-service,INFO,Session created uid=u2775,req-27160025,False,False,2026-08-01,0
2026-08-01 00:33:38+00:00,notification-worker,INFO,SMS sent uid=u3360,req-29047652,False,False,2026-08-01,0
2026-08-01 00:36:55+00:00,auth-service,INFO,Session created uid=u8488,req-54214537,False,False,2026-08-01,0
2026-08-01 00:37:45+00:00,batch-report,INFO,Daily report job started,req-35713686,False,False,2026-08-01,0
2026-08-01 00:41:12+00:00,notification-worker,ERROR,ERR SMTPConnRefused host=mail-gw,req-47605606,False,False,2026-08-01,0
2026-08-01 00:50:22+00:00,notification-worker,INFO,Email sent uid=u9438,req-42791876,False,False,2026-08-01,0
2026-08-01 00:51:31+00:00,notification-worker,WARN,Queue depth high depth=805,req-12076385,False,False,2026-08-01,0
2026-08-01 00:53:41+00:00,web-portal,UNKNOWN,Heartbeat ok,req-71725422,True,False,2026-08-01,0
2026-08-01 00:53:42+00:00,payment-api,INFO,Payment processed txn=t441294 amount=50000,req-74940567,False,False,2026-08-01,0
2026-08-01 01:01:31+00:00,notification-worker,INFO,SMS sent uid=u8776,req-34606437,False,False,2026-08-01,1
2026-08-01 01:05:06+00:00,auth-service,INFO,User login success uid=u9321,req-83516556,False,False,2026-08-01,1
2026-08-01 01:10:51+00:00,notification-worker,INFO,SMS sent uid=u1216,req-76623262,False,False,2026-08-01,1
2026-08-01 01:12:08+00:00,web-portal,INFO,Request completed path=/report in 401ms,req-73117198,False,False,2026-08-01,1
2026-08-01 01:16:46+00:00,notification-worker,INFO,Email sent uid=u1520,req-28192133,False,False,2026-08-01,1
2026-08-01 01:20:07+00:00,notification-worker,ERROR,ERR SMTPConnRefused host=mail-gw,req-18206894,False,False,2026-08-01,1
2026-08-01 01:33:18+00:00,batch-report,INFO,Daily report job started,req-37727245,False,False,2026-08-01,1
2026-08-01 01:35:33+00:00,notification-worker,INFO,Email sent uid=u3977,req-98115484,False,False,2026-08-01,1
2026-08-01 01:38:22+00:00,payment-api,ERROR,ERR PaymentDeclined txn=t433888 code=51,req-94048378,False,False,2026-08-01,1
2026-08-01 01:42:44+00:00,payment-api,INFO,Balance check ok uid=u7670,req-56229195,False,False,2026-08-01,1
2026-08-01 01:42:59+00:00,auth-service,INFO,Token refreshed uid=u1515,req-48279828,False,False,2026-08-01,1
2026-08-01 01:46:11+00:00,payment-api,INFO,Balance check ok uid=u2842,req-81006112,False,False,2026-08-01,1
2026-08-01 01:47:50+00:00,payment-api,UNKNOWN,Heartbeat ok,req-21881015,True,False,2026-08-01,1
2026-08-01 01:49:58+00:00,payment-api,INFO,Payment processed txn=t347813 amount=990000,req-38983946,False,False,2026-08-01,1
2026-08-01 01:50:46+00:00,payment-api,INFO,Payment processed txn=t849096 amount=120000,req-76844055,False,False,2026-08-01,1
2026-08-01 01:53:51+00:00,web-portal,INFO,Request completed path=/report in 873ms,req-98658036,False,False,2026-08-01,1
2026-08-01 02:12:46+00:00,auth-service,INFO,Session created uid=u2102,req-95274112,False,False,2026-08-01,2
2026-08-01 02:15:09+00:00,auth-service,INFO,Token refreshed uid=u4720,req-65135245,False,False,2026-08-01,2
2026-08-01 02:16:29+00:00,notification-worker,INFO,Email sent uid=u4303,req-16643596,False,False,2026-08-01,2
2026-08-01 02:20:00+00:00,web-portal,INFO,Request completed path=/report in 620ms,req-28983103,False,False,2026-08-01,2
2026-08-01 02:20:19+00:00,web-portal,INFO,Request completed path=/home in 136ms,req-59944187,False,False,2026-08-01,2
2026-08-01 02:23:39+00:00,auth-service,ERROR,ERR AuthTokenExpired uid=u1788,req-50810571,False,False,2026-08-01,2
2026-08-01 02:34:29+00:00,auth-service,INFO,Session created uid=u1581,req-99118938,False,False,2026-08-01,2
2026-08-01 02:35:54+00:00,web-portal,INFO,Request completed path=/report in 548ms,req-63319462,False,False,2026-08-01,2
2026-08-01 02:37:19+00:00,web-portal,INFO,Request completed path=/report in 377ms,req-86447121,False,False,2026-08-01,2
2026-08-01 02:38:19+00:00,web-portal,INFO,Request completed path=/home in 89ms,req-35567631,False,False,2026-08-01,2
2026-08-01 02:38:48+00:00,notification-worker,WARN,Queue depth high depth=690,req-97077473,False,False,2026-08-01,2
2026-08-01 02:42:49+00:00,auth-service,INFO,Token refreshed uid=u6429,req-66650860,False,False,2026-08-01,2
2026-08-01 02:49:22+00:00,auth-service,INFO,Token refreshed uid=u8446,req-12989960,False,False,2026-08-01,2
2026-08-01 02:49:49+00:00,payment-api,INFO,Payment processed txn=t584383 amount=990000,req-10147286,False,False,2026-08-01,2
2026-08-01 02:55:53+00:00,notification-worker,INFO,SMS sent uid=u3615,req-14898870,False,False,2026-08-01,2
2026-08-01 03:01:18+00:00,batch-report,INFO,Daily report job started,req-77481652,False,False,2026-08-01,3
2026-08-01 03:04:40+00:00,web-portal,INFO,Request completed path=/home in 583ms,req-15632263,False,False,2026-08-01,3
2026-08-01 03:08:14+00:00,auth-service,INFO,Session created uid=u6160,req-58684436,False,False,2026-08-01,3
2026-08-01 03:15:40+00:00,notification-worker,INFO,SMS sent uid=u3049,req-76808013,False,False,2026-08-01,3
2026-08-01 03:18:25+00:00,payment-api,INFO,Payment processed txn=t982747 amount=120000,req-10821305,False,False,2026-08-01,3
2026-08-01 03:20:11+00:00,payment-api,WARN,Retry 1/3 calling notification-worker,req-91488185,False,False,2026-08-01,3
2026-08-01 03:27:28+00:00,web-portal,ERROR,ERR HTTP 502 upstream=payment-api path=/checkout,req-95201958,False,False,2026-08-01,3
2026-08-01 03:29:14+00:00,notification-worker,INFO,Email sent uid=u9108,req-13489239,False,False,2026-08-01,3
2026-08-01 03:29:58+00:00,notification-worker,INFO,Email sent uid=u9575,req-96672678,False,False,2026-08-01,3
2026-08-01 03:32:06+00:00,web-portal,INFO,Request completed path=/report in 268ms,req-15853153,False,False,2026-08-01,3
2026-08-01 03:35:13+00:00,notification-worker,INFO,SMS sent uid=u5667,req-11265080,False,False,2026-08-01,3
2026-08-01 03:36:00+00:00,batch-report,INFO,Daily report job finished rows=1054,req-80205573,False,False,2026-08-01,3
2026-08-01 03:37:51+00:00,auth-service,WARN,Slow login 900ms uid=u2365,req-22717763,False,False,2026-08-01,3
2026-08-01 03:40:29+00:00,notification-worker,WARN,Queue depth high depth=2753,req-62094564,False,False,2026-08-01,3
2026-08-01 03:40:48+00:00,notification-worker,INFO,Email sent uid=u9078,req-29696682,False,False,2026-08-01,3
2026-08-01 03:41:47+00:00,batch-report,INFO,Daily report job started,req-35231795,False,False,2026-08-01,3
2026-08-01 04:00:33+00:00,web-portal,INFO,Request completed path=/report in 513ms,req-67252780,False,False,2026-08-01,4
2026-08-01 04:02:23+00:00,notification-worker,INFO,SMS sent uid=u3739,req-51123406,False,False,2026-08-01,4
2026-08-01 04:03:31+00:00,payment-api,INFO,Payment processed txn=t164954 amount=50000,req-30468290,False,False,2026-08-01,4
2026-08-01 04:06:15+00:00,auth-service,INFO,User login success uid=u9191,req-38197836,False,False,2026-08-01,4
2026-08-01 04:12:39+00:00,batch-report,INFO,Daily report job finished rows=1114,req-18933547,False,False,2026-08-01,4
2026-08-01 04:16:10+00:00,notification-worker,INFO,Email sent uid=u4670,req-29868814,False,False,2026-08-01,4
2026-08-01 04:18:50+00:00,notification-worker,WARN,Queue depth high depth=2509,req-77855697,False,False,2026-08-01,4
2026-08-01 04:20:08+00:00,batch-report,INFO,Daily report job finished rows=1092,req-44890901,False,False,2026-08-01,4
2026-08-01 04:24:54+00:00,batch-report,INFO,Daily report job finished rows=1093,req-54035507,False,False,2026-08-01,4
2026-08-01 04:32:23+00:00,web-portal,INFO,Request completed path=/home in 163ms,req-13156663,False,False,2026-08-01,4
2026-08-01 04:34:30+00:00,web-portal,INFO,Request completed path=/home in 83ms,req-68094439,False,False,2026-08-01,4
2026-08-01 04:42:06+00:00,auth-service,ERROR,ERR AuthTokenExpired uid=u8597,req-59144824,False,False,2026-08-01,4
2026-08-01 04:45:51+00:00,auth-service,INFO,Token refreshed uid=u4973,req-27556501,False,False,2026-08-01,4
2026-08-01 04:48:47+00:00,auth-service,INFO,Token refreshed uid=u4337,req-41603688,False,False,2026-08-01,4
2026-08-01 04:52:41+00:00,notification-worker,ERROR,ERR SMTPConnRefused host=mail-gw,req-23215396,False,False,2026-08-01,4
2026-08-01 04:55:25+00:00,auth-service,WARN,Slow login 900ms uid=u3985,req-11419443,False,False,2026-08-01,4
2026-08-01 04:56:30+00:00,web-portal,INFO,Request completed path=/home in 239ms,req-34576822,False,False,2026-08-01,4
2026-08-01 04:56:59+00:00,web-portal,INFO,Request completed path=/home in 115ms,req-67713148,False,False,2026-08-01,4
2026-08-01 04:57:38+00:00,auth-service,INFO,User login success uid=u7876,req-74621853,False,False,2026-08-01,4
2026-08-01 04:57:53+00:00,web-portal,INFO,Request completed path=/home in 381ms,req-80969638,False,False,2026-08-01,4
2026-08-01 04:59:28+00:00,web-portal,INFO,Request completed path=/home in 485ms,req-19545651,False,False,2026-08-01,4
2026-08-01 05:00:15+00:00,payment-api,INFO,Balance check ok uid=u6628,req-79080131,False,False,2026-08-01,5
2026-08-01 05:00:26+00:00,auth-service,INFO,Token refreshed uid=u5158,req-82537571,False,False,2026-08-01,5
2026-08-01 05:00:35+00:00,notification-worker,INFO,SMS sent uid=u8667,req-65767703,False,False,2026-08-01,5
2026-08-01 05:02:15+00:00,batch-report,INFO,Daily report job started,req-85900715,False,False,2026-08-01,5
2026-08-01 05:04:15+00:00,notification-worker,INFO,Email sent uid=u9832,req-69960207,False,False,2026-08-01,5
2026-08-01 05:10:17+00:00,notification-worker,INFO,SMS sent uid=u2465,req-50022624,False,False,2026-08-01,5
2026-08-01 05:10:25+00:00,web-portal,INFO,Request completed path=/home in 295ms,req-34399159,False,False,2026-08-01,5
2026-08-01 05:11:45+00:00,batch-report,WARN,Report row mismatch expected=868 got=1178,req-23750417,False,False,2026-08-01,5
2026-08-01 05:16:06+00:00,notification-worker,INFO,Email sent uid=u4695,req-29357510,False,False,2026-08-01,5
2026-08-01 05:18:09+00:00,auth-service,INFO,Token refreshed uid=u4224,req-30691518,False,False,2026-08-01,5
2026-08-01 05:26:07+00:00,notification-worker,INFO,Email sent uid=u7407,req-76690193,False,False,2026-08-01,5
2026-08-01 05:31:15+00:00,web-portal,INFO,Request completed path=/home in 278ms,req-99707782,False,False,2026-08-01,5
2026-08-01 05:38:05+00:00,notification-worker,ERROR,ERR SMTPConnRefused host=mail-gw,req-71989770,False,False,2026-08-01,5
2026-08-01 05:38:43+00:00,web-portal,ERROR,ERR HTTP 502 upstream=payment-api path=/checkout,req-30448683,False,False,2026-08-01,5
2026-08-01 05:38:57+00:00,web-portal,INFO,Request completed path=/home in 88ms,req-91805966,False,False,2026-08-01,5
2026-08-01 05:39:40+00:00,payment-api,INFO,Payment processed txn=t364201 amount=50000,req-97890289,False,False,2026-08-01,5
2026-08-01 05:39:48+00:00,web-portal,INFO,Request completed path=/home in 861ms,req-61711055,False,False,2026-08-01,5
2026-08-01 05:41:42+00:00,payment-api,INFO,Balance check ok uid=u4426,req-71828022,False,False,2026-08-01,5
2026-08-01 05:44:29+00:00,web-portal,INFO,Request completed path=/home in 172ms,req-25454302,False,False,2026-08-01,5
2026-08-01 05:47:36+00:00,payment-api,INFO,Payment processed txn=t328767 amount=50000,req-82640278,False,False,2026-08-01,5
2026-08-01 05:48:22+00:00,notification-worker,INFO,Email sent uid=u2551,req-83679097,False,False,2026-08-01,5
2026-08-01 05:54:28+00:00,notification-worker,INFO,Email sent uid=u2991,req-84019202,False,False,2026-08-01,5
2026-08-01 05:55:27+00:00,auth-service,INFO,User login success uid=u3308,req-70301220,False,False,2026-08-01,5
2026-08-01 06:03:43+00:00,notification-worker,INFO,Email sent uid=u4265,req-58221693,False,False,2026-08-01,6
2026-08-01 06:04:50+00:00,payment-api,INFO,Balance check ok uid=u3327,req-22398776,False,False,2026-08-01,6
2026-08-01 06:07:32+00:00,payment-api,INFO,Balance check ok uid=u2621,req-26709159,False,False,2026-08-01,6
2026-08-01 06:09:03+00:00,payment-api,INFO,Payment processed txn=t241232 amount=990000,req-29710954,False,False,2026-08-01,6
2026-08-01 06:10:45+00:00,auth-service,INFO,Token refreshed uid=u1503,req-73717559,False,False,2026-08-01,6
2026-08-01 06:12:44+00:00,web-portal,INFO,Request completed path=/report in 317ms,req-16263500,False,False,2026-08-01,6
2026-08-01 06:13:20+00:00,batch-report,INFO,Daily report job finished rows=1004,req-15245835,False,False,2026-08-01,6
2026-08-01 06:13:29+00:00,batch-report,INFO,Daily report job finished rows=1148,req-28782845,False,False,2026-08-01,6
2026-08-01 06:23:53+00:00,auth-service,INFO,User login success uid=u1034,req-68246537,False,False,2026-08-01,6
2026-08-01 06:26:23+00:00,auth-service,INFO,User login success uid=u5602,req-43715633,False,False,2026-08-01,6
2026-08-01 06:32:57+00:00,web-portal,INFO,Request completed path=/report in 117ms,req-93685072,False,False,2026-08-01,6
2026-08-01 06:36:57+00:00,batch-report,WARN,Report row mismatch expected=1104 got=915,req-65010375,False,False,2026-08-01,6
2026-08-01 06:40:09+00:00,auth-service,INFO,User login success uid=u2125,req-44364245,False,False,2026-08-01,6
2026-08-01 06:46:59+00:00,payment-api,INFO,Balance check ok uid=u6239,req-50416168,False,False,2026-08-01,6
2026-08-01 06:47:23+00:00,notification-worker,INFO,Email sent uid=u5049,req-92047400,False,False,2026-08-01,6
2026-08-01 06:48:08+00:00,web-portal,ERROR,ERR HTTP 502 upstream=payment-api path=/checkout,req-64500533,False,False,2026-08-01,6
2026-08-01 07:06:38+00:00,web-portal,INFO,Request completed path=/home in 247ms,req-69434108,False,False,2026-08-01,7
2026-08-01 07:09:27+00:00,notification-worker,INFO,SMS sent uid=u7705,req-91190343,False,False,2026-08-01,7
2026-08-01 07:11:11+00:00,notification-worker,INFO,Email sent uid=u6341,req-46295026,False,False,2026-08-01,7
2026-08-01 07:16:41+00:00,payment-api,WARN,Slow query 1200ms table=tx_history,req-63207360,False,False,2026-08-01,7
2026-08-01 07:19:07+00:00,payment-api,INFO,Payment processed txn=t944101 amount=120000,req-71865387,False,False,2026-08-01,7
2026-08-01 07:19:10+00:00,batch-report,INFO,Daily report job started,req-77917874,False,False,2026-08-01,7
2026-08-01 07:20:16+00:00,notification-worker,INFO,SMS sent uid=u8483,req-62103937,False,False,2026-08-01,7
2026-08-01 07:26:04+00:00,notification-worker,INFO,Email sent uid=u9856,req-73433176,False,False,2026-08-01,7
2026-08-01 07:26:32+00:00,web-portal,INFO,Request completed path=/home in 264ms,req-72873761,False,False,2026-08-01,7
2026-08-01 07:30:05+00:00,notification-worker,INFO,Email sent uid=u8168,req-13037859,False,False,2026-08-01,7
2026-08-01 07:34:40+00:00,notification-worker,INFO,Email sent uid=u4568,req-60587113,False,False,2026-08-01,7
2026-08-01 07:34:57+00:00,batch-report,WARN,Report row mismatch expected=1052 got=805,req-73068008,False,False,2026-08-01,7
2026-08-01 07:35:44+00:00,payment-api,INFO,Balance check ok uid=u5593,req-12969702,False,False,2026-08-01,7
2026-08-01 07:42:51+00:00,notification-worker,WARN,Queue depth high depth=2719,req-49303639,False,False,2026-08-01,7
2026-08-01 07:49:55+00:00,notification-worker,INFO,SMS sent uid=u1823,req-97617026,False,False,2026-08-01,7
2026-08-01 08:03:36+00:00,payment-api,INFO,Payment processed txn=t745266 amount=120000,req-60170562,False,False,2026-08-01,8
2026-08-01 08:05:05+00:00,payment-api,WARN,Retry 1/3 calling notification-worker,req-78085419,False,False,2026-08-01,8
2026-08-01 08:06:34+00:00,web-portal,INFO,Request completed path=/report in 751ms,req-11067974,False,False,2026-08-01,8
2026-08-01 08:08:16+00:00,batch-report,INFO,Daily report job finished rows=1125,req-49978296,False,False,2026-08-01,8
2026-08-01 08:11:19+00:00,payment-api,INFO,Payment processed txn=t373407 amount=120000,req-20408360,False,False,2026-08-01,8
2026-08-01 08:14:36+00:00,web-portal,INFO,Request completed path=/report in 57ms,req-32996510,False,False,2026-08-01,8
2026-08-01 08:23:08+00:00,batch-report,INFO,Daily report job finished rows=1195,req-68835737,False,False,2026-08-01,8
2026-08-01 08:24:30+00:00,payment-api,INFO,Payment processed txn=t539437 amount=120000,req-71414425,False,False,2026-08-01,8
2026-08-01 08:25:25+00:00,batch-report,INFO,Daily report job finished rows=899,req-39229029,False,False,2026-08-01,8
2026-08-01 08:30:53+00:00,payment-api,INFO,Balance check ok uid=u7455,req-58593635,False,False,2026-08-01,8
2026-08-01 08:31:15+00:00,batch-report,ERROR,ERR NullPointer in ReportBuilder step=aggregate,req-43697896,False,False,2026-08-01,8
2026-08-01 08:38:01+00:00,batch-report,WARN,Report row mismatch expected=1051 got=763,req-45686084,False,False,2026-08-01,8
2026-08-01 08:42:28+00:00,notification-worker,INFO,SMS sent uid=u5550,req-87142195,False,False,2026-08-01,8
2026-08-01 08:43:24+00:00,payment-api,INFO,Payment processed txn=t914659 amount=50000,req-48374892,False,False,2026-08-01,8
2026-08-01 08:43:40+00:00,notification-worker,INFO,Email sent uid=u9137,req-61680611,False,False,2026-08-01,8
2026-08-01 08:48:38+00:00,batch-report,INFO,Daily report job finished rows=970,req-67740709,False,False,2026-08-01,8
2026-08-01 08:49:11+00:00,payment-api,WARN,Retry 1/3 calling notification-worker,req-17438597,False,False,2026-08-01,8
2026-08-01 08:52:22+00:00,payment-api,INFO,Payment processed txn=t852722 amount=120000,req-77556899,False,False,2026-08-01,8
2026-08-01 08:52:57+00:00,auth-service,INFO,Session created uid=u2393,req-83864238,False,False,2026-08-01,8
2026-08-01 08:55:21+00:00,notification-worker,WARN,Queue depth high depth=871,req-22545653,False,False,2026-08-01,8
2026-08-01 09:04:13+00:00,web-portal,INFO,Request completed path=/report in 697ms,req-20501450,False,False,2026-08-01,9
2026-08-01 09:10:46+00:00,notification-worker,INFO,Email sent uid=u2951,req-61604447,False,False,2026-08-01,9
2026-08-01 09:20:10+00:00,auth-service,INFO,Token refreshed uid=u2419,req-40467872,False,False,2026-08-01,9
2026-08-01 09:20:56+00:00,notification-worker,INFO,SMS sent uid=u3819,req-96277583,False,False,2026-08-01,9
2026-08-01 09:30:21+00:00,web-portal,INFO,Request completed path=/home in 233ms,req-63223875,False,False,2026-08-01,9
2026-08-01 09:32:19+00:00,batch-report,INFO,Daily report job finished rows=818,req-81439530,False,False,2026-08-01,9
2026-08-01 09:39:23+00:00,batch-report,INFO,Daily report job started,req-62948689,False,False,2026-08-01,9
2026-08-01 09:52:50+00:00,batch-report,INFO,Daily report job started,req-62800537,False,False,2026-08-01,9
2026-08-01 09:55:03+00:00,web-portal,INFO,Request completed path=/report in 515ms,req-95226879,False,False,2026-08-01,9
2026-08-01 10:02:26+00:00,payment-api,ERROR,ERR PaymentDeclined txn=t967878 code=51,req-40751318,False,False,2026-08-01,10
2026-08-01 10:03:03+00:00,notification-worker,INFO,Email sent uid=u2254,req-46180065,False,False,2026-08-01,10
2026-08-01 10:11:39+00:00,auth-service,INFO,Session created uid=u1082,req-34530735,False,False,2026-08-01,10
2026-08-01 10:27:59+00:00,batch-report,INFO,Daily report job started,req-17564055,False,False,2026-08-01,10
2026-08-01 10:31:44+00:00,auth-service,INFO,Session created uid=u1887,req-56576703,False,False,2026-08-01,10
2026-08-01 10:31:54+00:00,web-portal,INFO,Request completed path=/report in 424ms,req-44986948,False,False,2026-08-01,10
2026-08-01 10:35:14+00:00,auth-service,INFO,Token refreshed uid=u2478,req-34813934,False,False,2026-08-01,10
2026-08-01 10:44:24+00:00,batch-report,WARN,Report row mismatch expected=930 got=831,req-65325710,False,False,2026-08-01,10
2026-08-01 10:52:09+00:00,web-portal,INFO,Request completed path=/home in 339ms,req-44547356,False,False,2026-08-01,10
2026-08-01 10:55:48+00:00,notification-worker,INFO,SMS sent uid=u9901,req-62144644,False,False,2026-08-01,10
2026-08-01 11:06:28+00:00,notification-worker,INFO,SMS sent uid=u8308,req-37950053,False,False,2026-08-01,11
2026-08-01 11:18:03+00:00,batch-report,INFO,Daily report job started,req-44487584,False,False,2026-08-01,11
2026-08-01 11:23:59+00:00,payment-api,INFO,Balance check ok uid=u5179,req-82106986,False,False,2026-08-01,11
2026-08-01 11:24:45+00:00,batch-report,INFO,Daily report job started,req-98703668,False,False,2026-08-01,11
2026-08-01 11:25:58+00:00,web-portal,INFO,Request completed path=/home in 666ms,req-65559093,False,False,2026-08-01,11
2026-08-01 11:27:49+00:00,auth-service,INFO,User login success uid=u6068,req-14680066,False,False,2026-08-01,11
2026-08-01 11:35:35+00:00,batch-report,INFO,Daily report job started,req-26355844,False,False,2026-08-01,11
2026-08-01 11:37:58+00:00,auth-service,ERROR,ERR AuthTokenExpired uid=u2818,req-97869173,False,False,2026-08-01,11
2026-08-01 11:41:29+00:00,web-portal,INFO,Request completed path=/report in 677ms,req-45394511,False,False,2026-08-01,11
2026-08-01 11:46:55+00:00,batch-report,INFO,Daily report job started,req-33925710,False,False,2026-08-01,11
2026-08-01 11:48:28+00:00,payment-api,WARN,Slow query 1200ms table=tx_history,req-30503941,False,False,2026-08-01,11
2026-08-01 11:50:11+00:00,notification-worker,INFO,SMS sent uid=u4676,req-50998348,False,False,2026-08-01,11
2026-08-01 11:52:43+00:00,batch-report,INFO,Daily report job finished rows=915,req-75645744,False,False,2026-08-01,11
2026-08-01 11:56:43+00:00,payment-api,INFO,Balance check ok uid=u1131,req-19781591,False,False,2026-08-01,11
2026-08-01 11:57:41+00:00,auth-service,WARN,Slow login 900ms uid=u5832,req-32574091,False,False,2026-08-01,11
2026-08-01 11:58:18+00:00,web-portal,INFO,Request completed path=/report in 564ms,req-95487860,False,False,2026-08-01,11
2026-08-01 12:02:41+00:00,payment-api,INFO,Balance check ok uid=u8430,req-36758764,False,False,2026-08-01,12
2026-08-01 12:13:50+00:00,payment-api,UNKNOWN,Heartbeat ok,req-93885180,True,False,2026-08-01,12
2026-08-01 12:22:33+00:00,auth-service,INFO,Token refreshed uid=u9806,req-39626238,False,False,2026-08-01,12
2026-08-01 12:23:21+00:00,auth-service,INFO,Token refreshed uid=u5279,req-90410932,False,False,2026-08-01,12
2026-08-01 12:31:24+00:00,payment-api,WARN,Slow query 1200ms table=tx_history,req-41491678,False,False,2026-08-01,12
2026-08-01 12:34:24+00:00,auth-service,INFO,Token refreshed uid=u3822,req-45118439,False,False,2026-08-01,12
2026-08-01 12:37:24+00:00,batch-report,INFO,Daily report job finished rows=926,req-98587007,False,False,2026-08-01,12
2026-08-01 12:41:42+00:00,batch-report,ERROR,ERR NullPointer in ReportBuilder step=aggregate,req-41224916,False,False,2026-08-01,12
2026-08-01 12:44:27+00:00,batch-report,INFO,Daily report job finished rows=1174,req-60582687,False,False,2026-08-01,12
2026-08-01 12:45:21+00:00,auth-service,INFO,Session created uid=u3765,req-26563259,False,False,2026-08-01,12
2026-08-01 12:49:51+00:00,web-portal,INFO,Request completed path=/report in 686ms,req-37248252,False,False,2026-08-01,12
2026-08-01 12:52:45+00:00,payment-api,WARN,Slow query 1200ms table=tx_history,req-59874049,False,False,2026-08-01,12
2026-08-01 13:03:10+00:00,notification-worker,INFO,Email sent uid=u4156,req-12334965,False,False,2026-08-01,13
2026-08-01 13:06:13+00:00,payment-api,INFO,Balance check ok uid=u4215,req-27123588,False,False,2026-08-01,13
2026-08-01 13:09:22+00:00,payment-api,INFO,Payment processed txn=t174094 amount=50000,req-86422833,False,False,2026-08-01,13
2026-08-01 13:19:37+00:00,payment-api,INFO,Payment processed txn=t554803 amount=50000,req-38378459,False,False,2026-08-01,13
2026-08-01 13:20:30+00:00,auth-service,INFO,Session created uid=u5364,req-60042866,False,False,2026-08-01,13
2026-08-01 13:25:05+00:00,auth-service,INFO,Session created uid=u3280,req-25807969,False,False,2026-08-01,13
2026-08-01 13:33:42+00:00,web-portal,INFO,Request completed path=/home in 596ms,req-63883504,False,False,2026-08-01,13
2026-08-01 13:35:29+00:00,batch-report,WARN,Report row mismatch expected=1086 got=979,req-28168908,False,False,2026-08-01,13
2026-08-01 13:42:07+00:00,auth-service,INFO,Token refreshed uid=u7144,req-92327874,False,False,2026-08-01,13
2026-08-01 13:46:03+00:00,web-portal,INFO,Request completed path=/report in 858ms,req-16703057,False,False,2026-08-01,13
2026-08-01 13:55:04+00:00,notification-worker,INFO,Email sent uid=u1607,req-52905265,False,False,2026-08-01,13
2026-08-01 13:55:51+00:00,auth-service,INFO,User login success uid=u5881,req-17123333,False,False,2026-08-01,13
2026-08-01 13:58:14+00:00,auth-service,INFO,Token refreshed uid=u2522,req-48837643,False,False,2026-08-01,13
2026-08-01 13:59:27+00:00,notification-worker,ERROR,ERR SMTPConnRefused host=mail-gw,req-74579455,False,False,2026-08-01,13
2026-08-01 14:13:48+00:00,web-portal,INFO,Request completed path=/report in 809ms,req-36705345,False,False,2026-08-01,14
2026-08-01 14:21:33+00:00,batch-report,INFO,Daily report job started,req-41786590,False,False,2026-08-01,14
2026-08-01 14:28:58+00:00,payment-api,INFO,Payment processed txn=t964286 amount=50000,req-74089052,False,False,2026-08-01,14
2026-08-01 14:29:26+00:00,payment-api,INFO,Payment processed txn=t945281 amount=50000,req-36636781,False,False,2026-08-01,14
2026-08-01 14:32:16+00:00,web-portal,INFO,Request completed path=/report in 650ms,req-39220746,False,False,2026-08-01,14
2026-08-01 14:32:16+00:00,payment-api,ERROR,ERR PaymentDeclined txn=t698643 code=51,req-52121679,False,False,2026-08-01,14
2026-08-01 14:43:28+00:00,notification-worker,INFO,SMS sent uid=u8076,req-83891751,False,False,2026-08-01,14
2026-08-01 14:55:17+00:00,notification-worker,INFO,SMS sent uid=u9761,req-71585442,False,False,2026-08-01,14
2026-08-01 14:56:39+00:00,auth-service,INFO,Token refreshed uid=u1819,req-52244708,False,False,2026-08-01,14
2026-08-01 14:57:44+00:00,batch-report,INFO,Daily report job started,req-37683464,False,False,2026-08-01,14
2026-08-01 15:03:07+00:00,auth-service,INFO,User login success uid=u2443,req-82265483,False,False,2026-08-01,15
2026-08-01 15:03:44+00:00,auth-service,INFO,Token refreshed uid=u9470,req-93556913,False,False,2026-08-01,15
2026-08-01 15:07:34+00:00,payment-api,INFO,Payment processed txn=t415618 amount=250000,req-70774482,False,False,2026-08-01,15
2026-08-01 15:15:47+00:00,notification-worker,INFO,Email sent uid=u2633,req-80577112,False,False,2026-08-01,15
2026-08-01 15:15:55+00:00,notification-worker,INFO,SMS sent uid=u7199,req-95523296,False,False,2026-08-01,15
2026-08-01 15:16:49+00:00,auth-service,INFO,Token refreshed uid=u9982,req-86164272,False,False,2026-08-01,15
2026-08-01 15:18:58+00:00,auth-service,INFO,User login success uid=u9682,req-67615231,False,False,2026-08-01,15
2026-08-01 15:21:44+00:00,batch-report,INFO,Daily report job finished rows=954,req-60711458,False,False,2026-08-01,15
2026-08-01 15:23:58+00:00,batch-report,INFO,Daily report job finished rows=1121,req-77725267,False,False,2026-08-01,15
2026-08-01 15:29:30+00:00,auth-service,INFO,Session created uid=u3625,req-34299307,False,False,2026-08-01,15
2026-08-01 15:34:29+00:00,web-portal,INFO,Request completed path=/home in 488ms,req-91828859,False,False,2026-08-01,15
2026-08-01 15:37:14+00:00,notification-worker,INFO,Email sent uid=u4825,req-77168294,False,False,2026-08-01,15
2026-08-01 15:42:52+00:00,auth-service,INFO,User login success uid=u6873,req-84262134,False,False,2026-08-01,15
2026-08-01 15:43:42+00:00,batch-report,INFO,Daily report job finished rows=1189,req-97728424,False,False,2026-08-01,15
2026-08-01 15:50:31+00:00,auth-service,INFO,Token refreshed uid=u9286,req-76698823,False,False,2026-08-01,15
2026-08-01 15:52:42+00:00,web-portal,INFO,Request completed path=/home in 237ms,req-18585082,False,False,2026-08-01,15
2026-08-01 15:56:32+00:00,batch-report,INFO,Daily report job started,req-71375663,False,False,2026-08-01,15
2026-08-01 15:56:54+00:00,batch-report,INFO,Daily report job finished rows=1196,req-54103061,False,False,2026-08-01,15
2026-08-01 15:57:09+00:00,web-portal,INFO,Request completed path=/report in 309ms,req-37895721,False,False,2026-08-01,15
2026-08-01 16:00:46+00:00,notification-worker,INFO,Email sent uid=u7864,req-54680584,False,False,2026-08-01,16
2026-08-01 16:06:05+00:00,web-portal,INFO,Request completed path=/report in 891ms,req-62038466,False,False,2026-08-01,16
2026-08-01 16:12:13+00:00,batch-report,INFO,Daily report job started,req-66780992,False,False,2026-08-01,16
2026-08-01 16:20:49+00:00,auth-service,WARN,Slow login 900ms uid=u6497,req-85775443,False,False,2026-08-01,16
2026-08-01 16:23:29+00:00,notification-worker,INFO,SMS sent uid=u8566,req-12641440,False,False,2026-08-01,16
2026-08-01 16:23:49+00:00,batch-report,INFO,Daily report job finished rows=992,req-75410125,False,False,2026-08-01,16
2026-08-01 16:32:41+00:00,web-portal,INFO,Request completed path=/home in 338ms,req-90297666,False,False,2026-08-01,16
2026-08-01 16:33:41+00:00,web-portal,ERROR,ERR HTTP 502 upstream=payment-api path=/checkout,req-10110122,False,False,2026-08-01,16
2026-08-01 16:36:33+00:00,notification-worker,INFO,SMS sent uid=u5240,req-85773305,False,False,2026-08-01,16
2026-08-01 16:38:09+00:00,payment-api,INFO,Balance check ok uid=u8530,req-40097648,False,False,2026-08-01,16
2026-08-01 16:43:28+00:00,auth-service,INFO,User login success uid=u3812,req-31871449,False,False,2026-08-01,16
2026-08-01 16:51:00+00:00,payment-api,INFO,Balance check ok uid=u8421,req-35273235,False,False,2026-08-01,16
2026-08-01 16:55:02+00:00,notification-worker,INFO,Email sent uid=u3832,req-17218512,False,False,2026-08-01,16
2026-08-01 17:09:02+00:00,web-portal,WARN,Response time 2100ms path=/report,req-87224493,False,False,2026-08-01,17
2026-08-01 17:11:26+00:00,notification-worker,INFO,SMS sent uid=u1326,req-68643840,False,False,2026-08-01,17
2026-08-01 17:12:06+00:00,notification-worker,ERROR,ERR SMTPConnRefused host=mail-gw,req-28363097,False,False,2026-08-01,17
2026-08-01 17:23:40+00:00,auth-service,INFO,User login success uid=u6919,req-19446734,False,False,2026-08-01,17
2026-08-01 17:25:00+00:00,auth-service,INFO,Token refreshed uid=u8765,req-62364176,False,False,2026-08-01,17
2026-08-01 17:25:47+00:00,auth-service,INFO,Session created uid=u6605,req-81442747,False,False,2026-08-01,17
2026-08-01 17:26:14+00:00,web-portal,INFO,Request completed path=/home in 237ms,req-59733577,False,False,2026-08-01,17
2026-08-01 17:26:21+00:00,payment-api,INFO,Payment processed txn=t380028 amount=120000,req-86541148,False,False,2026-08-01,17
2026-08-01 17:28:23+00:00,batch-report,INFO,Daily report job started,req-68357188,False,False,2026-08-01,17
2026-08-01 17:31:01+00:00,notification-worker,INFO,SMS sent uid=u9034,req-40425150,False,False,2026-08-01,17
2026-08-01 17:37:02+00:00,web-portal,INFO,Request completed path=/report in 175ms,req-13800827,False,False,2026-08-01,17
2026-08-01 17:37:50+00:00,auth-service,INFO,Session created uid=u2070,req-86938242,False,False,2026-08-01,17
2026-08-01 17:43:09+00:00,notification-worker,ERROR,ERR SMTPConnRefused host=mail-gw,req-69364567,False,False,2026-08-01,17
2026-08-01 18:00:35+00:00,batch-report,INFO,Daily report job finished rows=1128,req-92877501,False,False,2026-08-01,18
2026-08-01 18:01:59+00:00,batch-report,WARN,Report row mismatch expected=888 got=788,req-82018689,False,False,2026-08-01,18
2026-08-01 18:02:41+00:00,notification-worker,INFO,SMS sent uid=u3335,req-64695425,False,False,2026-08-01,18
2026-08-01 18:03:32+00:00,notification-worker,INFO,Email sent uid=u5891,req-96662531,False,False,2026-08-01,18
2026-08-01 18:04:45+00:00,batch-report,INFO,Daily report job finished rows=1180,req-89522643,False,False,2026-08-01,18
2026-08-01 18:09:52+00:00,batch-report,INFO,Daily report job finished rows=1077,req-59978040,False,False,2026-08-01,18
2026-08-01 18:10:33+00:00,notification-worker,INFO,SMS sent uid=u4358,req-56938936,False,False,2026-08-01,18
2026-08-01 18:13:34+00:00,notification-worker,INFO,SMS sent uid=u8919,req-38115244,False,False,2026-08-01,18
2026-08-01 18:14:38+00:00,payment-api,INFO,Payment processed txn=t484714 amount=990000,req-62781957,False,False,2026-08-01,18
2026-08-01 18:15:45+00:00,web-portal,ERROR,ERR HTTP 502 upstream=payment-api path=/checkout,req-77868292,False,False,2026-08-01,18
2026-08-01 18:17:04+00:00,web-portal,INFO,Request completed path=/report in 52ms,req-32308343,False,False,2026-08-01,18
2026-08-01 18:27:50+00:00,web-portal,INFO,Request completed path=/report in 295ms,req-86960904,False,False,2026-08-01,18
2026-08-01 18:35:03+00:00,payment-api,INFO,Balance check ok uid=u5149,req-62691474,False,False,2026-08-01,18
2026-08-01 18:39:33+00:00,auth-service,INFO,Session created uid=u5185,req-67121045,False,False,2026-08-01,18
2026-08-01 18:42:11+00:00,notification-worker,INFO,SMS sent uid=u7902,req-77135692,False,False,2026-08-01,18
2026-08-01 18:42:39+00:00,payment-api,INFO,Payment processed txn=t276288 amount=990000,req-83980790,False,False,2026-08-01,18
2026-08-01 18:44:18+00:00,auth-service,INFO,User login success uid=u5258,req-11030568,False,False,2026-08-01,18
2026-08-01 18:44:20+00:00,auth-service,INFO,Session created uid=u1808,req-25699847,False,False,2026-08-01,18
2026-08-01 18:52:16+00:00,batch-report,INFO,Daily report job started,req-88357247,False,False,2026-08-01,18
2026-08-01 19:01:08+00:00,notification-worker,INFO,Email sent uid=u3348,req-36911168,False,False,2026-08-01,19
2026-08-01 19:15:19+00:00,batch-report,WARN,Report row mismatch expected=908 got=1174,req-87221427,False,False,2026-08-01,19
2026-08-01 19:15:37+00:00,payment-api,INFO,Balance check ok uid=u9183,req-72666858,False,False,2026-08-01,19
2026-08-01 19:15:49+00:00,batch-report,INFO,Daily report job started,req-70949346,False,False,2026-08-01,19
2026-08-01 19:15:55+00:00,auth-service,INFO,Token refreshed uid=u8951,req-67546430,False,False,2026-08-01,19
2026-08-01 19:19:38+00:00,web-portal,INFO,Request completed path=/home in 438ms,req-10128848,False,False,2026-08-01,19
2026-08-01 19:19:50+00:00,batch-report,INFO,Daily report job finished rows=1005,req-20585201,False,False,2026-08-01,19
2026-08-01 19:21:35+00:00,auth-service,INFO,User login success uid=u4444,req-93153396,False,False,2026-08-01,19
2026-08-01 19:22:07+00:00,web-portal,INFO,Request completed path=/report in 619ms,req-19958063,False,False,2026-08-01,19
2026-08-01 19:33:40+00:00,auth-service,INFO,Token refreshed uid=u9048,req-37686424,False,False,2026-08-01,19
2026-08-01 19:40:18+00:00,batch-report,INFO,Daily report job started,req-62326451,False,False,2026-08-01,19
2026-08-01 19:40:43+00:00,notification-worker,INFO,SMS sent uid=u7629,req-65515657,False,False,2026-08-01,19
2026-08-01 19:41:29+00:00,auth-service,WARN,Slow login 900ms uid=u6460,req-13698549,False,False,2026-08-01,19
2026-08-01 19:41:55+00:00,auth-service,INFO,Session created uid=u1046,req-46439924,False,False,2026-08-01,19
2026-08-01 19:43:36+00:00,auth-service,INFO,User login success uid=u3370,req-28491280,False,False,2026-08-01,19
2026-08-01 19:57:01+00:00,auth-service,INFO,Session created uid=u4588,req-83438903,False,False,2026-08-01,19
2026-08-01 20:00:30+00:00,web-portal,WARN,Response time 2100ms path=/report,req-32560859,False,False,2026-08-01,20
2026-08-01 20:02:00+00:00,payment-api,INFO,Balance check ok uid=u2336,req-32478703,False,False,2026-08-01,20
2026-08-01 20:06:13+00:00,web-portal,INFO,Request completed path=/home in 622ms,req-16727400,False,False,2026-08-01,20
2026-08-01 20:06:53+00:00,auth-service,INFO,Session created uid=u2755,req-29741221,False,False,2026-08-01,20
2026-08-01 20:07:00+00:00,notification-worker,INFO,Email sent uid=u9388,req-89956438,False,False,2026-08-01,20
2026-08-01 20:07:46+00:00,batch-report,INFO,Daily report job finished rows=1073,req-58126351,False,False,2026-08-01,20
2026-08-01 20:08:46+00:00,batch-report,INFO,Daily report job started,req-59735453,False,False,2026-08-01,20
2026-08-01 20:13:08+00:00,auth-service,INFO,Session created uid=u4495,req-47450576,False,False,2026-08-01,20
2026-08-01 20:17:12+00:00,notification-worker,INFO,SMS sent uid=u1394,req-88429608,False,False,2026-08-01,20
2026-08-01 20:19:34+00:00,payment-api,WARN,Slow query 1200ms table=tx_history,req-45183616,False,False,2026-08-01,20
2026-08-01 20:21:28+00:00,batch-report,INFO,Daily report job finished rows=941,req-35976666,False,False,2026-08-01,20
2026-08-01 20:22:35+00:00,notification-worker,INFO,SMS sent uid=u2737,req-83691032,False,False,2026-08-01,20
2026-08-01 20:26:05+00:00,web-portal,INFO,Request completed path=/report in 356ms,req-76627264,False,False,2026-08-01,20
2026-08-01 20:28:42+00:00,auth-service,INFO,Token refreshed uid=u1966,req-91928972,False,False,2026-08-01,20
2026-08-01 20:32:46+00:00,payment-api,INFO,Balance check ok uid=u8736,req-77483298,False,False,2026-08-01,20
2026-08-01 20:35:33+00:00,payment-api,INFO,Balance check ok uid=u4048,req-51833635,False,False,2026-08-01,20
2026-08-01 20:39:09+00:00,web-portal,INFO,Request completed path=/report in 122ms,req-21236031,False,False,2026-08-01,20
2026-08-01 20:39:50+00:00,payment-api,INFO,Payment processed txn=t460489 amount=50000,req-32451247,False,False,2026-08-01,20
2026-08-01 20:44:07+00:00,auth-service,INFO,User login success uid=u3230,req-89678144,False,False,2026-08-01,20
2026-08-01 20:48:03+00:00,payment-api,INFO,Payment processed txn=t774392 amount=990000,req-42787417,False,False,2026-08-01,20
2026-08-01 20:52:27+00:00,notification-worker,INFO,Email sent uid=u6063,req-19182316,False,False,2026-08-01,20
2026-08-01 20:55:03+00:00,auth-service,INFO,Session created uid=u1295,req-55925432,False,False,2026-08-01,20
2026-08-01 20:57:40+00:00,payment-api,INFO,Balance check ok uid=u7247,req-11818145,False,False,2026-08-01,20
2026-08-01 21:01:26+00:00,batch-report,INFO,Daily report job started,req-31974909,False,False,2026-08-01,21
2026-08-01 21:02:55+00:00,batch-report,INFO,Daily report job started,req-55172233,False,False,2026-08-01,21
2026-08-01 21:09:19+00:00,payment-api,INFO,Balance check ok uid=u7143,req-60596989,False,False,2026-08-01,21
2026-08-01 21:09:40+00:00,payment-api,INFO,Balance check ok uid=u5701,req-67912960,False,False,2026-08-01,21
2026-08-01 21:10:21+00:00,web-portal,INFO,Request completed path=/home in 774ms,req-98841048,False,False,2026-08-01,21
2026-08-01 21:10:53+00:00,auth-service,INFO,Session created uid=u7485,req-51922948,False,False,2026-08-01,21
2026-08-01 21:12:09+00:00,web-portal,INFO,Request completed path=/report in 42ms,req-20587268,False,False,2026-08-01,21
2026-08-01 21:21:38+00:00,notification-worker,INFO,SMS sent uid=u7877,req-56616057,False,False,2026-08-01,21
2026-08-01 21:23:58+00:00,web-portal,INFO,Request completed path=/home in 222ms,req-76302450,False,False,2026-08-01,21
2026-08-01 21:32:17+00:00,notification-worker,INFO,SMS sent uid=u5458,req-83932265,False,False,2026-08-01,21
2026-08-01 21:34:10+00:00,web-portal,INFO,Request completed path=/report in 501ms,req-34811860,False,False,2026-08-01,21
2026-08-01 21:35:36+00:00,web-portal,INFO,Request completed path=/report in 469ms,req-67261364,False,False,2026-08-01,21
2026-08-01 21:36:07+00:00,web-portal,INFO,Request completed path=/home in 171ms,req-39330100,False,False,2026-08-01,21
2026-08-01 21:37:03+00:00,notification-worker,INFO,Email sent uid=u2822,req-86252866,False,False,2026-08-01,21
2026-08-01 21:37:52+00:00,payment-api,INFO,Balance check ok uid=u2607,req-21359569,False,False,2026-08-01,21
2026-08-01 21:40:56+00:00,auth-service,INFO,Session created uid=u6871,req-64834475,False,False,2026-08-01,21
2026-08-01 21:45:46+00:00,web-portal,INFO,Request completed path=/home in 314ms,req-73641389,False,False,2026-08-01,21
2026-08-01 21:48:12+00:00,auth-service,INFO,Session created uid=u1998,req-74336097,False,False,2026-08-01,21
2026-08-01 22:01:44+00:00,batch-report,ERROR,ERR NullPointer in ReportBuilder step=aggregate,req-13112785,False,False,2026-08-01,22
2026-08-01 22:05:21+00:00,batch-report,INFO,Daily report job finished rows=1057,req-57290715,False,False,2026-08-01,22
2026-08-01 22:05:51+00:00,auth-service,INFO,Token refreshed uid=u8522,req-84897527,False,False,2026-08-01,22
2026-08-01 22:06:56+00:00,payment-api,WARN,Slow query 1200ms table=tx_history,req-30707513,False,False,2026-08-01,22
2026-08-01 22:09:37+00:00,payment-api,INFO,Balance check ok uid=u3532,req-51740604,False,False,2026-08-01,22
2026-08-01 22:10:07+00:00,auth-service,INFO,Token refreshed uid=u4760,req-54429299,False,False,2026-08-01,22
2026-08-01 22:10:21+00:00,batch-report,INFO,Daily report job started,req-68999002,False,False,2026-08-01,22
2026-08-01 22:16:21+00:00,web-portal,WARN,Response time 2100ms path=/report,req-78595982,False,False,2026-08-01,22
2026-08-01 22:16:54+00:00,web-portal,INFO,Request completed path=/report in 811ms,req-47015631,False,False,2026-08-01,22
2026-08-01 22:21:33+00:00,auth-service,INFO,Token refreshed uid=u5405,req-59296057,False,False,2026-08-01,22
2026-08-01 22:24:13+00:00,notification-worker,INFO,Email sent uid=u8560,req-33040510,False,False,2026-08-01,22
2026-08-01 22:25:33+00:00,web-portal,WARN,Response time 2100ms path=/report,req-68008304,False,False,2026-08-01,22
2026-08-01 22:26:15+00:00,payment-api,INFO,Payment processed txn=t395268 amount=250000,req-84689957,False,False,2026-08-01,22
2026-08-01 22:28:17+00:00,batch-report,INFO,Daily report job started,req-59715122,False,False,2026-08-01,22
2026-08-01 22:30:45+00:00,payment-api,INFO,Balance check ok uid=u6019,req-89986323,False,False,2026-08-01,22
2026-08-01 22:33:46+00:00,notification-worker,INFO,SMS sent uid=u3140,req-86675984,False,False,2026-08-01,22
2026-08-01 22:34:36+00:00,payment-api,INFO,Payment processed txn=t510918 amount=120000,req-25906873,False,False,2026-08-01,22
2026-08-01 22:36:33+00:00,auth-service,WARN,Slow login 900ms uid=u7077,req-33773513,False,False,2026-08-01,22
2026-08-01 22:37:26+00:00,notification-worker,INFO,Email sent uid=u8908,req-29353979,False,False,2026-08-01,22
2026-08-01 22:39:43+00:00,payment-api,INFO,Balance check ok uid=u6666,req-13595556,False,False,2026-08-01,22
2026-08-01 22:41:57+00:00,batch-report,WARN,Report row mismatch expected=1074 got=1146,req-64974875,False,False,2026-08-01,22
2026-08-01 22:42:17+00:00,web-portal,INFO,Request completed path=/home in 56ms,req-86989557,False,False,2026-08-01,22
2026-08-01 22:51:18+00:00,payment-api,INFO,Payment processed txn=t793624 amount=120000,req-22784092,False,False,2026-08-01,22
2026-08-01 22:59:38+00:00,notification-worker,INFO,Email sent uid=u6363,req-25357495,False,False,2026-08-01,22
2026-08-01 23:00:12+00:00,web-portal,WARN,Response time 2100ms path=/report,req-41533557,False,False,2026-08-01,23
2026-08-01 23:04:22+00:00,auth-service,ERROR,ERR AuthTokenExpired uid=u6567,req-23407419,False,False,2026-08-01,23
2026-08-01 23:15:01+00:00,auth-service,INFO,User login success uid=u7963,req-17176785,False,False,2026-08-01,23
2026-08-01 23:16:34+00:00,batch-report,INFO,Daily report job started,req-81017405,False,False,2026-08-01,23
2026-08-01 23:17:42+00:00,web-portal,INFO,Request completed path=/report in 197ms,req-55564019,False,False,2026-08-01,23
2026-08-01 23:17:57+00:00,payment-api,WARN,Slow query 1200ms table=tx_history,req-10191149,False,False,2026-08-01,23
2026-08-01 23:21:29+00:00,notification-worker,INFO,SMS sent uid=u6785,req-20590155,False,False,2026-08-01,23
2026-08-01 23:22:02+00:00,batch-report,WARN,Report row mismatch expected=854 got=1087,req-46371543,False,False,2026-08-01,23
2026-08-01 23:24:05+00:00,batch-report,INFO,Daily report job finished rows=1184,req-59977478,False,False,2026-08-01,23
2026-08-01 23:34:47+00:00,web-portal,UNKNOWN,Heartbeat ok,req-23192745,True,False,2026-08-01,23
2026-08-01 23:40:34+00:00,auth-service,INFO,Token refreshed uid=u1517,req-65887036,False,False,2026-08-01,23
2026-08-01 23:43:47+00:00,payment-api,INFO,Payment processed txn=t727273 amount=50000,req-73038907,False,False,2026-08-01,23
2026-08-01 23:44:49+00:00,notification-worker,INFO,SMS sent uid=u7798,req-57617569,False,False,2026-08-01,23
2026-08-01 23:46:56+00:00,payment-api,ERROR,ERR ConnTimeout db-primary after 30s retry=3,req-33422977,False,False,2026-08-01,23
2026-08-01 23:48:56+00:00,web-portal,INFO,Request completed path=/home in 194ms,req-19574538,False,False,2026-08-01,23
2026-08-01 23:53:06+00:00,web-portal,INFO,Request completed path=/home in 277ms,req-65792325,False,False,2026-08-01,23
2026-08-01 23:53:11+00:00,auth-service,INFO,Session created uid=u5933,req-43583658,False,False,2026-08-01,23
2026-08-01 23:56:57+00:00,payment-api,INFO,Payment processed txn=t336983 amount=50000,req-96653191,False,False,2026-08-01,23
2026-08-02 00:01:01+00:00,notification-worker,INFO,Email sent uid=u5680,req-21119104,False,False,2026-08-02,0
2026-08-02 00:01:14+00:00,auth-service,INFO,Session created uid=u9284,req-58773102,False,False,2026-08-02,0
2026-08-02 00:02:22+00:00,web-portal,INFO,Request completed path=/report in 316ms,req-41308738,False,False,2026-08-02,0
2026-08-02 00:07:32+00:00,web-portal,INFO,Request completed path=/report in 93ms,req-54970734,False,False,2026-08-02,0
2026-08-02 00:08:05+00:00,web-portal,INFO,Request completed path=/home in 444ms,req-17966355,False,False,2026-08-02,0
2026-08-02 00:09:29+00:00,notification-worker,INFO,Email sent uid=u2848,req-79523757,False,False,2026-08-02,0
2026-08-02 00:09:39+00:00,payment-api,INFO,Payment processed txn=t403660 amount=250000,req-63538936,False,False,2026-08-02,0
2026-08-02 00:10:47+00:00,web-portal,INFO,Request completed path=/report in 246ms,req-67149990,False,False,2026-08-02,0
2026-08-02 00:14:41+00:00,payment-api,INFO,Balance check ok uid=u6072,req-52679582,False,False,2026-08-02,0
2026-08-02 00:16:34+00:00,notification-worker,INFO,SMS sent uid=u4030,req-16542972,False,False,2026-08-02,0
2026-08-02 00:19:17+00:00,auth-service,INFO,Token refreshed uid=u6149,req-77134583,False,False,2026-08-02,0
2026-08-02 00:26:22+00:00,web-portal,INFO,Request completed path=/report in 145ms,req-51553395,False,False,2026-08-02,0
2026-08-02 00:26:59+00:00,payment-api,INFO,Balance check ok uid=u5933,req-80230407,False,False,2026-08-02,0
2026-08-02 00:40:08+00:00,payment-api,INFO,Balance check ok uid=u5073,req-13239162,False,False,2026-08-02,0
2026-08-02 00:42:01+00:00,payment-api,INFO,Payment processed txn=t254460 amount=250000,req-94737809,False,False,2026-08-02,0
2026-08-02 00:42:13+00:00,auth-service,INFO,Token refreshed uid=u4539,req-55960627,False,False,2026-08-02,0
2026-08-02 00:45:33+00:00,notification-worker,INFO,SMS sent uid=u9924,req-66250899,False,False,2026-08-02,0
2026-08-02 00:52:21+00:00,web-portal,ERROR,ERR HTTP 502 upstream=payment-api path=/checkout,req-44172923,False,False,2026-08-02,0
2026-08-02 00:53:31+00:00,web-portal,INFO,Request completed path=/report in 743ms,req-86150979,False,False,2026-08-02,0
2026-08-02 00:56:04+00:00,payment-api,INFO,Balance check ok uid=u8273,req-18816617,False,False,2026-08-02,0
2026-08-02 00:56:33+00:00,batch-report,WARN,Report row mismatch expected=811 got=1039,req-21140488,False,False,2026-08-02,0
2026-08-02 00:57:53+00:00,notification-worker,INFO,Email sent uid=u3623,req-73993682,False,False,2026-08-02,0
2026-08-02 00:58:00+00:00,web-portal,INFO,Request completed path=/home in 437ms,req-14918801,False,False,2026-08-02,0
2026-08-02 00:58:30+00:00,payment-api,INFO,Balance check ok uid=u7232,req-68946977,False,False,2026-08-02,0
2026-08-02 01:11:01+00:00,auth-service,INFO,Session created uid=u7515,req-92648891,False,False,2026-08-02,1
2026-08-02 01:12:56+00:00,auth-service,INFO,Session created uid=u4703,req-85197111,False,False,2026-08-02,1
2026-08-02 01:13:44+00:00,payment-api,INFO,Payment processed txn=t866602 amount=50000,req-37397226,False,False,2026-08-02,1
2026-08-02 01:19:22+00:00,auth-service,UNKNOWN,Heartbeat ok,req-11122998,True,False,2026-08-02,1
2026-08-02 01:23:58+00:00,payment-api,INFO,Balance check ok uid=u7244,req-64727631,False,False,2026-08-02,1
2026-08-02 01:31:53+00:00,notification-worker,INFO,Email sent uid=u1196,req-70046150,False,False,2026-08-02,1
2026-08-02 01:32:16+00:00,web-portal,INFO,Request completed path=/report in 811ms,req-50151920,False,False,2026-08-02,1
2026-08-02 01:33:55+00:00,web-portal,INFO,Request completed path=/report in 874ms,req-98796599,False,False,2026-08-02,1
2026-08-02 01:40:41+00:00,notification-worker,INFO,Email sent uid=u5579,req-92844097,False,False,2026-08-02,1
2026-08-02 01:41:29+00:00,auth-service,INFO,Session created uid=u3718,req-41970207,False,False,2026-08-02,1
2026-08-02 01:43:05+00:00,batch-report,INFO,Daily report job started,req-20136881,False,False,2026-08-02,1
2026-08-02 01:43:53+00:00,batch-report,INFO,Daily report job started,req-65999543,False,False,2026-08-02,1
2026-08-02 01:55:30+00:00,batch-report,INFO,Daily report job finished rows=1019,req-98120072,False,False,2026-08-02,1
2026-08-02 01:57:11+00:00,web-portal,INFO,Request completed path=/report in 58ms,req-73517577,False,False,2026-08-02,1
2026-08-02 02:01:13+00:00,payment-api,WARN,Slow query 1200ms table=tx_history,req-77529978,False,False,2026-08-02,2
2026-08-02 02:01:31+00:00,web-portal,INFO,Request completed path=/report in 497ms,req-19475948,False,False,2026-08-02,2
2026-08-02 02:05:40+00:00,auth-service,INFO,Session created uid=u8279,req-92104813,False,False,2026-08-02,2
2026-08-02 02:08:21+00:00,batch-report,INFO,Daily report job finished rows=1159,req-76506548,False,False,2026-08-02,2
2026-08-02 02:18:46+00:00,batch-report,INFO,Daily report job started,req-48307739,False,False,2026-08-02,2
2026-08-02 02:19:01+00:00,web-portal,ERROR,ERR HTTP 502 upstream=payment-api path=/checkout,req-20324372,False,False,2026-08-02,2
2026-08-02 02:19:47+00:00,notification-worker,INFO,SMS sent uid=u9423,req-70330473,False,False,2026-08-02,2
2026-08-02 02:22:33+00:00,web-portal,INFO,Request completed path=/home in 273ms,req-79292008,False,False,2026-08-02,2
2026-08-02 02:23:13+00:00,auth-service,INFO,User login success uid=u1243,req-96022455,False,False,2026-08-02,2
2026-08-02 02:25:41+00:00,web-portal,INFO,Request completed path=/report in 743ms,req-37040388,False,False,2026-08-02,2
2026-08-02 02:31:05+00:00,web-portal,INFO,Request completed path=/report in 637ms,req-91524118,False,False,2026-08-02,2
2026-08-02 02:40:04+00:00,payment-api,INFO,Payment processed txn=t466594 amount=50000,req-99018687,False,False,2026-08-02,2
2026-08-02 02:42:02+00:00,notification-worker,INFO,SMS sent uid=u1980,req-62451159,False,False,2026-08-02,2
2026-08-02 02:43:09+00:00,batch-report,INFO,Daily report job started,req-89413716,False,False,2026-08-02,2
2026-08-02 02:43:57+00:00,batch-report,WARN,Report row mismatch expected=1049 got=1068,req-72618567,False,False,2026-08-02,2
2026-08-02 02:44:35+00:00,payment-api,INFO,Payment processed txn=t859881 amount=50000,req-61856982,False,False,2026-08-02,2
2026-08-02 02:46:19+00:00,batch-report,WARN,Report row mismatch expected=969 got=726,req-90102746,False,False,2026-08-02,2
2026-08-02 02:50:18+00:00,batch-report,INFO,Daily report job finished rows=1001,req-47297072,False,False,2026-08-02,2
2026-08-02 02:57:26+00:00,payment-api,INFO,Payment processed txn=t111484 amount=250000,req-50031322,False,False,2026-08-02,2
2026-08-02 03:04:22+00:00,auth-service,INFO,Session created uid=u4598,req-28048094,False,False,2026-08-02,3
2026-08-02 03:21:33+00:00,batch-report,ERROR,ERR NullPointer in ReportBuilder step=aggregate,req-40624865,False,False,2026-08-02,3
2026-08-02 03:24:34+00:00,auth-service,INFO,Token refreshed uid=u2422,req-66354268,False,False,2026-08-02,3
2026-08-02 03:25:32+00:00,auth-service,INFO,Token refreshed uid=u5438,req-50199913,False,False,2026-08-02,3
2026-08-02 03:28:26+00:00,batch-report,INFO,Daily report job started,req-12563422,False,False,2026-08-02,3
2026-08-02 03:28:56+00:00,payment-api,INFO,Payment processed txn=t309864 amount=120000,req-26918779,False,False,2026-08-02,3
2026-08-02 03:29:21+00:00,batch-report,INFO,Daily report job started,req-14921520,False,False,2026-08-02,3
2026-08-02 03:30:06+00:00,batch-report,INFO,Daily report job finished rows=1001,req-98017125,False,False,2026-08-02,3
2026-08-02 03:30:31+00:00,web-portal,INFO,Request completed path=/home in 522ms,req-71777181,False,False,2026-08-02,3
2026-08-02 03:32:35+00:00,batch-report,INFO,Daily report job finished rows=1068,req-50425346,False,False,2026-08-02,3
2026-08-02 03:33:33+00:00,batch-report,INFO,Daily report job started,req-99792586,False,False,2026-08-02,3
2026-08-02 03:38:10+00:00,auth-service,INFO,User login success uid=u8890,req-46784982,False,False,2026-08-02,3
2026-08-02 03:38:14+00:00,batch-report,INFO,Daily report job started,req-21315592,False,False,2026-08-02,3
2026-08-02 03:38:38+00:00,auth-service,WARN,Slow login 900ms uid=u9382,req-93177753,False,False,2026-08-02,3
2026-08-02 03:40:17+00:00,web-portal,INFO,Request completed path=/home in 716ms,req-85482020,False,False,2026-08-02,3
2026-08-02 03:41:13+00:00,batch-report,INFO,Daily report job finished rows=1089,req-95753784,False,False,2026-08-02,3
2026-08-02 03:44:08+00:00,batch-report,ERROR,ERR NullPointer in ReportBuilder step=aggregate,req-46499616,False,False,2026-08-02,3
2026-08-02 03:49:52+00:00,batch-report,INFO,Daily report job finished rows=927,req-59777340,False,False,2026-08-02,3
2026-08-02 03:52:11+00:00,auth-service,INFO,User login success uid=u9737,req-32548933,False,False,2026-08-02,3
2026-08-02 03:56:32+00:00,notification-worker,INFO,Email sent uid=u6436,req-96205603,False,False,2026-08-02,3
2026-08-02 04:03:11+00:00,auth-service,WARN,Slow login 900ms uid=u4368,req-47998956,False,False,2026-08-02,4
2026-08-02 04:03:26+00:00,payment-api,WARN,Slow query 1200ms table=tx_history,req-29695117,False,False,2026-08-02,4
2026-08-02 04:22:49+00:00,notification-worker,ERROR,ERR SMTPConnRefused host=mail-gw,req-56958354,False,False,2026-08-02,4
2026-08-02 04:23:39+00:00,auth-service,INFO,Session created uid=u9057,req-31154676,False,False,2026-08-02,4
2026-08-02 04:28:56+00:00,web-portal,INFO,Request completed path=/report in 485ms,req-64306604,False,False,2026-08-02,4
2026-08-02 04:33:17+00:00,payment-api,INFO,Balance check ok uid=u9932,req-27677627,False,False,2026-08-02,4
2026-08-02 04:46:09+00:00,notification-worker,INFO,Email sent uid=u2806,req-34970733,False,False,2026-08-02,4
2026-08-02 04:51:56+00:00,batch-report,INFO,Daily report job started,req-66824661,False,False,2026-08-02,4
2026-08-02 05:01:10+00:00,payment-api,WARN,Slow query 1200ms table=tx_history,req-84561170,False,False,2026-08-02,5
2026-08-02 05:05:50+00:00,batch-report,ERROR,ERR NullPointer in ReportBuilder step=aggregate,req-48105554,False,False,2026-08-02,5
2026-08-02 05:12:49+00:00,notification-worker,INFO,Email sent uid=u5254,req-61015999,False,False,2026-08-02,5
2026-08-02 05:13:37+00:00,auth-service,INFO,Session created uid=u8559,req-24884380,False,False,2026-08-02,5
2026-08-02 05:18:09+00:00,batch-report,WARN,Report row mismatch expected=879 got=899,req-27887066,False,False,2026-08-02,5
2026-08-02 05:31:13+00:00,notification-worker,WARN,Queue depth high depth=2461,req-61572981,False,False,2026-08-02,5
2026-08-02 05:32:43+00:00,payment-api,INFO,Balance check ok uid=u9905,req-68355014,False,False,2026-08-02,5
2026-08-02 05:32:53+00:00,web-portal,WARN,Response time 2100ms path=/report,req-69588589,False,False,2026-08-02,5
2026-08-02 05:33:42+00:00,web-portal,INFO,Request completed path=/report in 782ms,req-25978233,False,False,2026-08-02,5
2026-08-02 05:36:12+00:00,web-portal,INFO,Request completed path=/home in 306ms,req-89017790,False,False,2026-08-02,5
2026-08-02 05:38:00+00:00,web-portal,INFO,Request completed path=/home in 680ms,req-27217582,False,False,2026-08-02,5
2026-08-02 05:45:00+00:00,notification-worker,INFO,SMS sent uid=u2625,req-13549093,False,False,2026-08-02,5
2026-08-02 05:45:51+00:00,batch-report,INFO,Daily report job started,req-54728939,False,False,2026-08-02,5
2026-08-02 05:49:53+00:00,web-portal,WARN,Response time 2100ms path=/report,req-85102909,False,False,2026-08-02,5
2026-08-02 05:54:13+00:00,notification-worker,INFO,Email sent uid=u5547,req-39745767,False,False,2026-08-02,5
2026-08-02 05:59:51+00:00,batch-report,ERROR,ERR NullPointer in ReportBuilder step=aggregate,req-48824934,False,False,2026-08-02,5
2026-08-02 06:01:33+00:00,auth-service,ERROR,ERR AuthTokenExpired uid=u6880,req-66105911,False,False,2026-08-02,6
2026-08-02 06:02:09+00:00,payment-api,INFO,Payment processed txn=t691056 amount=120000,req-19753797,False,False,2026-08-02,6
2026-08-02 06:06:43+00:00,web-portal,INFO,Request completed path=/home in 545ms,req-52264803,False,False,2026-08-02,6
2026-08-02 06:10:35+00:00,auth-service,INFO,User login success uid=u1730,req-85839021,False,False,2026-08-02,6
2026-08-02 06:14:07+00:00,web-portal,INFO,Request completed path=/home in 76ms,req-52460906,False,False,2026-08-02,6
2026-08-02 06:15:57+00:00,auth-service,INFO,Token refreshed uid=u7736,req-32753536,False,False,2026-08-02,6
2026-08-02 06:17:49+00:00,auth-service,ERROR,ERR AuthTokenExpired uid=u4241,req-97622293,False,False,2026-08-02,6
2026-08-02 06:23:15+00:00,auth-service,INFO,User login success uid=u3412,req-59793666,False,False,2026-08-02,6
2026-08-02 06:26:29+00:00,payment-api,INFO,Balance check ok uid=u4098,req-98221887,False,False,2026-08-02,6
2026-08-02 06:31:33+00:00,web-portal,INFO,Request completed path=/home in 254ms,req-51284130,False,False,2026-08-02,6
2026-08-02 06:33:56+00:00,auth-service,INFO,Session created uid=u1121,req-95100395,False,False,2026-08-02,6
2026-08-02 06:35:14+00:00,auth-service,INFO,User login success uid=u8812,req-34194407,False,False,2026-08-02,6
2026-08-02 06:39:13+00:00,auth-service,ERROR,ERR AuthTokenExpired uid=u1674,req-45783614,False,False,2026-08-02,6
2026-08-02 06:41:37+00:00,payment-api,INFO,Balance check ok uid=u5815,req-91729700,False,False,2026-08-02,6
2026-08-02 06:42:47+00:00,auth-service,INFO,Token refreshed uid=u7512,req-83332162,False,False,2026-08-02,6
2026-08-02 06:44:22+00:00,auth-service,INFO,User login success uid=u2093,req-92479912,False,False,2026-08-02,6
2026-08-02 06:45:36+00:00,batch-report,INFO,Daily report job finished rows=952,req-67471600,False,False,2026-08-02,6
2026-08-02 06:48:06+00:00,payment-api,INFO,Payment processed txn=t899577 amount=50000,req-11990453,False,False,2026-08-02,6
2026-08-02 06:48:52+00:00,batch-report,INFO,Daily report job finished rows=993,req-26524119,False,False,2026-08-02,6
2026-08-02 06:54:10+00:00,notification-worker,INFO,SMS sent uid=u5187,req-69019781,False,False,2026-08-02,6
2026-08-02 06:57:21+00:00,auth-service,INFO,User login success uid=u3723,req-54542152,False,False,2026-08-02,6
2026-08-02 07:03:00+00:00,auth-service,INFO,Session created uid=u5023,req-89469712,False,False,2026-08-02,7
2026-08-02 07:28:22+00:00,payment-api,INFO,Balance check ok uid=u7794,req-92935461,False,False,2026-08-02,7
2026-08-02 07:30:38+00:00,auth-service,INFO,User login success uid=u3839,req-30664729,False,False,2026-08-02,7
2026-08-02 07:31:09+00:00,auth-service,INFO,User login success uid=u6542,req-58068003,False,False,2026-08-02,7
2026-08-02 07:36:43+00:00,batch-report,INFO,Daily report job finished rows=916,req-58803874,False,False,2026-08-02,7
2026-08-02 07:44:02+00:00,web-portal,INFO,Request completed path=/home in 659ms,req-91618861,False,False,2026-08-02,7
2026-08-02 07:44:13+00:00,batch-report,INFO,Daily report job finished rows=1183,req-99758895,False,False,2026-08-02,7
2026-08-02 07:50:10+00:00,batch-report,INFO,Daily report job started,req-34363479,False,False,2026-08-02,7
2026-08-02 07:50:24+00:00,payment-api,INFO,Payment processed txn=t888000 amount=990000,req-76495786,False,False,2026-08-02,7
2026-08-02 07:50:38+00:00,batch-report,INFO,Daily report job finished rows=1046,req-46726260,False,False,2026-08-02,7
2026-08-02 07:52:02+00:00,payment-api,ERROR,ERR ConnTimeout db-primary after 30s retry=3,req-62797325,False,False,2026-08-02,7
2026-08-02 07:52:35+00:00,batch-report,INFO,Daily report job started,req-56073599,False,False,2026-08-02,7
2026-08-02 07:53:28+00:00,notification-worker,INFO,Email sent uid=u9583,req-18220986,False,False,2026-08-02,7
2026-08-02 07:56:58+00:00,payment-api,INFO,Balance check ok uid=u6342,req-54829778,False,False,2026-08-02,7
2026-08-02 08:02:03+00:00,notification-worker,INFO,SMS sent uid=u9158,req-35845654,False,False,2026-08-02,8
2026-08-02 08:02:04+00:00,batch-report,INFO,Daily report job finished rows=855,req-86667744,False,False,2026-08-02,8
2026-08-02 08:04:30+00:00,payment-api,INFO,Balance check ok uid=u2866,req-87969595,False,False,2026-08-02,8
2026-08-02 08:05:44+00:00,payment-api,WARN,Retry 1/3 calling notification-worker,req-60811116,False,False,2026-08-02,8
2026-08-02 08:06:01+00:00,batch-report,WARN,Report row mismatch expected=1131 got=1189,req-34163569,False,False,2026-08-02,8
2026-08-02 08:11:48+00:00,web-portal,INFO,Request completed path=/report in 610ms,req-26210228,False,False,2026-08-02,8
2026-08-02 08:16:11+00:00,auth-service,ERROR,ERR AuthTokenExpired uid=u9206,req-33405032,False,False,2026-08-02,8
2026-08-02 08:18:39+00:00,auth-service,WARN,Slow login 900ms uid=u8586,req-67124503,False,False,2026-08-02,8
2026-08-02 08:19:18+00:00,auth-service,INFO,Token refreshed uid=u1433,req-46048156,False,False,2026-08-02,8
2026-08-02 08:26:35+00:00,web-portal,WARN,Response time 2100ms path=/report,req-39249959,False,False,2026-08-02,8
2026-08-02 08:26:55+00:00,batch-report,INFO,Daily report job finished rows=1152,req-64262105,False,False,2026-08-02,8
2026-08-02 08:29:49+00:00,payment-api,INFO,Payment processed txn=t194830 amount=990000,req-51333822,False,False,2026-08-02,8
2026-08-02 08:30:38+00:00,auth-service,INFO,Session created uid=u3889,req-44857450,False,False,2026-08-02,8
2026-08-02 08:32:10+00:00,auth-service,ERROR,ERR AuthTokenExpired uid=u6263,req-74015895,False,False,2026-08-02,8
2026-08-02 08:32:13+00:00,auth-service,INFO,User login success uid=u3787,req-32270634,False,False,2026-08-02,8
2026-08-02 08:38:37+00:00,payment-api,INFO,Payment processed txn=t417180 amount=50000,req-91939357,False,False,2026-08-02,8
2026-08-02 08:45:34+00:00,notification-worker,INFO,SMS sent uid=u4826,req-21139313,False,False,2026-08-02,8
2026-08-02 08:48:25+00:00,web-portal,INFO,Request completed path=/report in 746ms,req-38548302,False,False,2026-08-02,8
2026-08-02 08:48:38+00:00,notification-worker,INFO,SMS sent uid=u2046,req-38665803,False,False,2026-08-02,8
2026-08-02 08:50:14+00:00,auth-service,INFO,User login success uid=u9133,req-88919775,False,False,2026-08-02,8
2026-08-02 08:53:48+00:00,web-portal,INFO,Request completed path=/report in 617ms,req-90996371,False,False,2026-08-02,8
2026-08-02 08:54:32+00:00,web-portal,INFO,Request completed path=/home in 71ms,req-83636703,False,False,2026-08-02,8
2026-08-02 08:54:51+00:00,notification-worker,INFO,Email sent uid=u8431,req-85779237,False,False,2026-08-02,8
2026-08-02 08:54:52+00:00,batch-report,INFO,Daily report job started,req-73287732,False,False,2026-08-02,8
2026-08-02 08:57:59+00:00,batch-report,ERROR,ERR NullPointer in ReportBuilder step=aggregate,req-52773098,False,False,2026-08-02,8
2026-08-02 08:58:07+00:00,batch-report,INFO,Daily report job finished rows=911,req-88457847,False,False,2026-08-02,8
2026-08-02 08:59:21+00:00,batch-report,INFO,Daily report job finished rows=1186,req-40389767,False,False,2026-08-02,8
2026-08-02 08:59:23+00:00,notification-worker,INFO,SMS sent uid=u6975,req-31890169,False,False,2026-08-02,8
2026-08-02 09:06:30+00:00,batch-report,INFO,Daily report job started,req-11984025,False,False,2026-08-02,9
2026-08-02 09:07:17+00:00,notification-worker,INFO,Email sent uid=u3852,req-46763130,False,False,2026-08-02,9
2026-08-02 09:08:25+00:00,batch-report,INFO,Daily report job started,req-87623736,False,False,2026-08-02,9
2026-08-02 09:09:01+00:00,auth-service,INFO,Token refreshed uid=u3151,req-94326656,False,False,2026-08-02,9
2026-08-02 09:09:21+00:00,web-portal,INFO,Request completed path=/home in 226ms,req-31924339,False,False,2026-08-02,9
2026-08-02 09:16:32+00:00,web-portal,INFO,Request completed path=/home in 45ms,req-80299876,False,False,2026-08-02,9
2026-08-02 09:17:58+00:00,web-portal,INFO,Request completed path=/home in 518ms,req-82005146,False,False,2026-08-02,9
2026-08-02 09:18:47+00:00,payment-api,INFO,Payment processed txn=t734407 amount=50000,req-56212929,False,False,2026-08-02,9
2026-08-02 09:19:26+00:00,batch-report,INFO,Daily report job started,req-66964001,False,False,2026-08-02,9
2026-08-02 09:23:12+00:00,batch-report,INFO,Daily report job started,req-18041483,False,False,2026-08-02,9
2026-08-02 09:24:37+00:00,payment-api,INFO,Balance check ok uid=u9691,req-47303947,False,False,2026-08-02,9
2026-08-02 09:25:53+00:00,auth-service,INFO,Token refreshed uid=u9883,req-56774328,False,False,2026-08-02,9
2026-08-02 09:31:22+00:00,notification-worker,INFO,Email sent uid=u7055,req-97655433,False,False,2026-08-02,9
2026-08-02 09:36:04+00:00,batch-report,INFO,Daily report job started,req-88295005,False,False,2026-08-02,9
2026-08-02 09:37:11+00:00,web-portal,INFO,Request completed path=/report in 736ms,req-88319351,False,False,2026-08-02,9
2026-08-02 09:41:02+00:00,payment-api,ERROR,ERR PaymentDeclined txn=t754148 code=51,req-89505910,False,False,2026-08-02,9
2026-08-02 09:43:17+00:00,payment-api,INFO,Balance check ok uid=u7960,req-96518373,False,False,2026-08-02,9
2026-08-02 09:44:58+00:00,web-portal,INFO,Request completed path=/report in 102ms,req-16511082,False,False,2026-08-02,9
2026-08-02 09:51:33+00:00,batch-report,INFO,Daily report job finished rows=919,req-85322051,False,False,2026-08-02,9
2026-08-02 09:52:11+00:00,batch-report,INFO,Daily report job started,req-34235418,False,False,2026-08-02,9
2026-08-02 09:57:31+00:00,auth-service,INFO,User login success uid=u2428,req-91266758,False,False,2026-08-02,9
2026-08-02 10:06:49+00:00,web-portal,INFO,Request completed path=/report in 370ms,req-76240805,False,False,2026-08-02,10
2026-08-02 10:10:54+00:00,notification-worker,INFO,Email sent uid=u6176,req-62647157,False,False,2026-08-02,10
2026-08-02 10:28:12+00:00,notification-worker,ERROR,ERR SMTPConnRefused host=mail-gw,req-31673059,False,False,2026-08-02,10
2026-08-02 10:31:13+00:00,auth-service,INFO,User login success uid=u5394,req-60304388,False,False,2026-08-02,10
2026-08-02 10:31:32+00:00,web-portal,INFO,Request completed path=/report in 614ms,req-31993670,False,False,2026-08-02,10
2026-08-02 10:36:08+00:00,auth-service,INFO,User login success uid=u4248,req-47535728,False,False,2026-08-02,10
2026-08-02 10:38:10+00:00,batch-report,INFO,Daily report job finished rows=1144,req-83914229,False,False,2026-08-02,10
2026-08-02 10:38:46+00:00,batch-report,INFO,Daily report job finished rows=858,req-71470167,False,False,2026-08-02,10
2026-08-02 10:44:52+00:00,notification-worker,ERROR,ERR SMTPConnRefused host=mail-gw,req-98881010,False,False,2026-08-02,10
2026-08-02 10:49:04+00:00,payment-api,INFO,Balance check ok uid=u3617,req-17464009,False,False,2026-08-02,10
2026-08-02 10:54:38+00:00,auth-service,WARN,Slow login 900ms uid=u3248,req-25610085,False,False,2026-08-02,10
2026-08-02 10:54:58+00:00,notification-worker,WARN,Queue depth high depth=1280,req-11027311,False,False,2026-08-02,10
2026-08-02 10:55:44+00:00,web-portal,INFO,Request completed path=/report in 389ms,req-77647844,False,False,2026-08-02,10
2026-08-02 10:56:52+00:00,batch-report,INFO,Daily report job started,req-47043197,False,False,2026-08-02,10
2026-08-02 10:58:11+00:00,notification-worker,INFO,SMS sent uid=u8533,req-81337227,False,False,2026-08-02,10
2026-08-02 11:05:40+00:00,payment-api,INFO,Payment processed txn=t987546 amount=990000,req-71151032,False,False,2026-08-02,11
2026-08-02 11:12:25+00:00,notification-worker,INFO,Email sent uid=u2812,req-90577960,False,False,2026-08-02,11
2026-08-02 11:25:51+00:00,web-portal,INFO,Request completed path=/report in 878ms,req-70724532,False,False,2026-08-02,11
2026-08-02 11:28:50+00:00,notification-worker,INFO,SMS sent uid=u8512,req-85577947,False,False,2026-08-02,11
2026-08-02 11:31:44+00:00,notification-worker,WARN,Queue depth high depth=750,req-32093112,False,False,2026-08-02,11
2026-08-02 11:35:17+00:00,web-portal,INFO,Request completed path=/home in 503ms,req-64788919,False,False,2026-08-02,11
2026-08-02 11:38:07+00:00,notification-worker,INFO,Email sent uid=u1356,req-46143610,False,False,2026-08-02,11
2026-08-02 11:38:14+00:00,auth-service,UNKNOWN,Heartbeat ok,req-37980569,True,False,2026-08-02,11
2026-08-02 11:41:08+00:00,payment-api,INFO,Payment processed txn=t373229 amount=250000,req-43403619,False,False,2026-08-02,11
2026-08-02 11:41:24+00:00,web-portal,INFO,Request completed path=/report in 746ms,req-17728115,False,False,2026-08-02,11
2026-08-02 11:45:23+00:00,web-portal,WARN,Response time 2100ms path=/report,req-14393557,False,False,2026-08-02,11
2026-08-02 11:57:46+00:00,payment-api,INFO,Payment processed txn=t309414 amount=990000,req-17301338,False,False,2026-08-02,11
2026-08-02 11:59:38+00:00,notification-worker,INFO,SMS sent uid=u4974,req-78523330,False,False,2026-08-02,11
2026-08-02 12:01:06+00:00,web-portal,INFO,Request completed path=/report in 239ms,req-76423837,False,False,2026-08-02,12
2026-08-02 12:03:55+00:00,auth-service,INFO,Session created uid=u6636,req-55317894,False,False,2026-08-02,12
2026-08-02 12:04:00+00:00,web-portal,WARN,Response time 2100ms path=/report,req-40418991,False,False,2026-08-02,12
2026-08-02 12:05:59+00:00,auth-service,INFO,User login success uid=u5252,req-70514512,False,False,2026-08-02,12
2026-08-02 12:15:23+00:00,web-portal,INFO,Request completed path=/report in 152ms,req-91791329,False,False,2026-08-02,12
2026-08-02 12:15:49+00:00,payment-api,INFO,Payment processed txn=t132485 amount=990000,req-93535134,False,False,2026-08-02,12
2026-08-02 12:20:01+00:00,batch-report,INFO,Daily report job started,req-36375893,False,False,2026-08-02,12
2026-08-02 12:20:33+00:00,auth-service,INFO,Session created uid=u6640,req-42378692,False,False,2026-08-02,12
2026-08-02 12:32:30+00:00,batch-report,INFO,Daily report job finished rows=855,req-88528019,False,False,2026-08-02,12
2026-08-02 12:34:29+00:00,web-portal,ERROR,ERR HTTP 502 upstream=payment-api path=/checkout,req-45934752,False,False,2026-08-02,12
2026-08-02 12:45:35+00:00,batch-report,INFO,Daily report job started,req-28805580,False,False,2026-08-02,12
2026-08-02 12:49:33+00:00,payment-api,INFO,Payment processed txn=t622623 amount=120000,req-65178770,False,False,2026-08-02,12
2026-08-02 12:51:50+00:00,web-portal,INFO,Request completed path=/home in 67ms,req-10586267,False,False,2026-08-02,12
2026-08-02 13:01:26+00:00,notification-worker,INFO,Email sent uid=u4603,req-63481505,False,False,2026-08-02,13
2026-08-02 13:04:52+00:00,notification-worker,INFO,SMS sent uid=u3510,req-62144567,False,False,2026-08-02,13
2026-08-02 13:13:43+00:00,payment-api,INFO,Payment processed txn=t889471 amount=990000,req-40587363,False,False,2026-08-02,13
2026-08-02 13:22:11+00:00,payment-api,INFO,Balance check ok uid=u5561,req-78453832,False,False,2026-08-02,13
2026-08-02 13:23:03+00:00,notification-worker,INFO,SMS sent uid=u2971,req-10780283,False,False,2026-08-02,13
2026-08-02 13:26:37+00:00,batch-report,WARN,Report row mismatch expected=1031 got=878,req-37945099,False,False,2026-08-02,13
2026-08-02 13:33:16+00:00,batch-report,INFO,Daily report job started,req-34788160,False,False,2026-08-02,13
2026-08-02 13:35:20+00:00,auth-service,INFO,Session created uid=u2313,req-34637932,False,False,2026-08-02,13
2026-08-02 13:37:34+00:00,web-portal,INFO,Request completed path=/home in 288ms,req-73625618,False,False,2026-08-02,13
2026-08-02 13:40:08+00:00,payment-api,INFO,Payment processed txn=t239416 amount=250000,req-67031028,False,False,2026-08-02,13
2026-08-02 13:41:11+00:00,web-portal,ERROR,ERR HTTP 502 upstream=payment-api path=/checkout,req-43210689,False,False,2026-08-02,13
2026-08-02 13:41:31+00:00,web-portal,INFO,Request completed path=/report in 489ms,req-93476643,False,False,2026-08-02,13
2026-08-02 13:53:21+00:00,web-portal,INFO,Request completed path=/home in 616ms,req-89687722,False,False,2026-08-02,13
2026-08-02 13:54:47+00:00,payment-api,WARN,Slow query 1200ms table=tx_history,req-41773361,False,False,2026-08-02,13
2026-08-02 13:59:16+00:00,web-portal,INFO,Request completed path=/home in 141ms,req-52769270,False,False,2026-08-02,13
2026-08-02 14:04:03+00:00,notification-worker,INFO,Email sent uid=u8828,req-30289508,False,False,2026-08-02,14
2026-08-02 14:06:56+00:00,notification-worker,INFO,Email sent uid=u5147,req-70580360,False,False,2026-08-02,14
2026-08-02 14:08:46+00:00,batch-report,WARN,Report row mismatch expected=976 got=872,req-53375811,False,False,2026-08-02,14
2026-08-02 14:19:57+00:00,payment-api,INFO,Balance check ok uid=u3626,req-84448282,False,False,2026-08-02,14
2026-08-02 14:22:15+00:00,notification-worker,INFO,Email sent uid=u8999,req-94575982,False,False,2026-08-02,14
2026-08-02 14:24:39+00:00,payment-api,ERROR,ERR PaymentDeclined txn=t555053 code=51,req-96043099,False,False,2026-08-02,14
2026-08-02 14:26:57+00:00,batch-report,INFO,Daily report job finished rows=873,req-94937629,False,False,2026-08-02,14
2026-08-02 14:34:12+00:00,notification-worker,WARN,Queue depth high depth=1872,req-85102612,False,False,2026-08-02,14
2026-08-02 14:42:59+00:00,batch-report,INFO,Daily report job started,req-49188633,False,False,2026-08-02,14
2026-08-02 14:45:13+00:00,payment-api,INFO,Payment processed txn=t265397 amount=50000,req-81881946,False,False,2026-08-02,14
2026-08-02 14:50:04+00:00,payment-api,WARN,Slow query 1200ms table=tx_history,req-10372592,False,False,2026-08-02,14
2026-08-02 14:50:54+00:00,payment-api,INFO,Payment processed txn=t714011 amount=50000,req-43372435,False,False,2026-08-02,14
2026-08-02 14:57:15+00:00,notification-worker,INFO,SMS sent uid=u5262,req-31440306,False,False,2026-08-02,14
2026-08-02 15:03:23+00:00,payment-api,INFO,Balance check ok uid=u6265,req-84808012,False,False,2026-08-02,15
2026-08-02 15:04:00+00:00,notification-worker,INFO,Email sent uid=u2075,req-54672955,False,False,2026-08-02,15
2026-08-02 15:10:49+00:00,web-portal,INFO,Request completed path=/home in 170ms,req-89252562,False,False,2026-08-02,15
2026-08-02 15:15:12+00:00,payment-api,INFO,Payment processed txn=t102288 amount=990000,req-61657510,False,False,2026-08-02,15
2026-08-02 15:17:28+00:00,web-portal,INFO,Request completed path=/report in 141ms,req-61532773,False,False,2026-08-02,15
2026-08-02 15:18:02+00:00,web-portal,INFO,Request completed path=/report in 480ms,req-42898142,False,False,2026-08-02,15
2026-08-02 15:19:05+00:00,web-portal,INFO,Request completed path=/home in 563ms,req-40237434,False,False,2026-08-02,15
2026-08-02 15:30:26+00:00,batch-report,WARN,Report row mismatch expected=1091 got=1186,req-39649462,False,False,2026-08-02,15
2026-08-02 15:34:54+00:00,notification-worker,INFO,Email sent uid=u7437,req-59499531,False,False,2026-08-02,15
2026-08-02 15:36:18+00:00,auth-service,INFO,Token refreshed uid=u5107,req-37766215,False,False,2026-08-02,15
2026-08-02 15:36:30+00:00,batch-report,WARN,Report row mismatch expected=1083 got=1103,req-15034402,False,False,2026-08-02,15
2026-08-02 15:40:19+00:00,auth-service,INFO,User login success uid=u7877,req-70883480,False,False,2026-08-02,15
2026-08-02 15:55:13+00:00,batch-report,INFO,Daily report job started,req-83839408,False,False,2026-08-02,15
2026-08-02 16:04:43+00:00,auth-service,INFO,Session created uid=u8948,req-91264086,False,False,2026-08-02,16
2026-08-02 16:08:35+00:00,auth-service,INFO,User login success uid=u1651,req-17061921,False,False,2026-08-02,16
2026-08-02 16:09:47+00:00,notification-worker,INFO,Email sent uid=u1210,req-36281402,False,False,2026-08-02,16
2026-08-02 16:10:16+00:00,notification-worker,INFO,Email sent uid=u7789,req-50109750,False,False,2026-08-02,16
2026-08-02 16:11:42+00:00,payment-api,INFO,Payment processed txn=t666739 amount=50000,req-91615182,False,False,2026-08-02,16
2026-08-02 16:14:30+00:00,web-portal,WARN,Response time 2100ms path=/report,req-32925528,False,False,2026-08-02,16
2026-08-02 16:17:53+00:00,web-portal,INFO,Request completed path=/home in 695ms,req-64506494,False,False,2026-08-02,16
2026-08-02 16:18:58+00:00,auth-service,INFO,User login success uid=u6601,req-69906546,False,False,2026-08-02,16
2026-08-02 16:32:20+00:00,payment-api,INFO,Payment processed txn=t521644 amount=120000,req-83855692,False,False,2026-08-02,16
2026-08-02 16:33:16+00:00,web-portal,INFO,Request completed path=/home in 838ms,req-29324470,False,False,2026-08-02,16
2026-08-02 16:34:31+00:00,notification-worker,ERROR,ERR SMTPConnRefused host=mail-gw,req-80332126,False,False,2026-08-02,16
2026-08-02 16:35:53+00:00,notification-worker,ERROR,ERR SMTPConnRefused host=mail-gw,req-97573473,False,False,2026-08-02,16
2026-08-02 16:38:24+00:00,payment-api,INFO,Payment processed txn=t515424 amount=990000,req-97486496,False,False,2026-08-02,16
2026-08-02 16:48:05+00:00,notification-worker,INFO,SMS sent uid=u1102,req-28379820,False,False,2026-08-02,16
2026-08-02 16:53:27+00:00,auth-service,WARN,Slow login 900ms uid=u8698,req-14247464,False,False,2026-08-02,16
2026-08-02 16:53:38+00:00,notification-worker,INFO,SMS sent uid=u9873,req-89234132,False,False,2026-08-02,16
2026-08-02 16:55:03+00:00,notification-worker,INFO,Email sent uid=u2890,req-43632413,False,False,2026-08-02,16
2026-08-02 16:56:50+00:00,notification-worker,INFO,SMS sent uid=u9756,req-69202385,False,False,2026-08-02,16
2026-08-02 16:59:52+00:00,web-portal,INFO,Request completed path=/report in 464ms,req-63475800,False,False,2026-08-02,16
2026-08-02 17:00:57+00:00,payment-api,INFO,Balance check ok uid=u3152,req-19011856,False,False,2026-08-02,17
2026-08-02 17:05:42+00:00,notification-worker,INFO,SMS sent uid=u7717,req-83900640,False,False,2026-08-02,17
2026-08-02 17:08:55+00:00,payment-api,INFO,Balance check ok uid=u2970,req-65071226,False,False,2026-08-02,17
2026-08-02 17:09:00+00:00,batch-report,ERROR,ERR NullPointer in ReportBuilder step=aggregate,req-49884173,False,False,2026-08-02,17
2026-08-02 17:11:38+00:00,payment-api,INFO,Payment processed txn=t510950 amount=120000,req-27913889,False,False,2026-08-02,17
2026-08-02 17:12:50+00:00,payment-api,INFO,Balance check ok uid=u1044,req-51806457,False,False,2026-08-02,17
2026-08-02 17:15:09+00:00,payment-api,INFO,Payment processed txn=t357954 amount=50000,req-23489423,False,False,2026-08-02,17
2026-08-02 17:15:28+00:00,auth-service,WARN,Slow login 900ms uid=u8142,req-57511543,False,False,2026-08-02,17
2026-08-02 17:17:18+00:00,notification-worker,INFO,Email sent uid=u1081,req-38917053,False,False,2026-08-02,17
2026-08-02 17:28:03+00:00,web-portal,WARN,Response time 2100ms path=/report,req-57656317,False,False,2026-08-02,17
2026-08-02 17:29:07+00:00,payment-api,WARN,Retry 1/3 calling notification-worker,req-18525970,False,False,2026-08-02,17
2026-08-02 17:33:17+00:00,payment-api,INFO,Payment processed txn=t991730 amount=990000,req-75792454,False,False,2026-08-02,17
2026-08-02 17:35:49+00:00,payment-api,INFO,Payment processed txn=t789344 amount=120000,req-45968276,False,False,2026-08-02,17
2026-08-02 17:36:43+00:00,notification-worker,INFO,Email sent uid=u2684,req-66947676,False,False,2026-08-02,17
2026-08-02 17:38:34+00:00,batch-report,INFO,Daily report job started,req-59459554,False,False,2026-08-02,17
2026-08-02 17:44:42+00:00,payment-api,WARN,Retry 1/3 calling notification-worker,req-25768498,False,False,2026-08-02,17
2026-08-02 17:45:53+00:00,batch-report,INFO,Daily report job finished rows=926,req-18130731,False,False,2026-08-02,17
2026-08-02 17:46:32+00:00,batch-report,INFO,Daily report job finished rows=1042,req-92445680,False,False,2026-08-02,17
2026-08-02 18:03:59+00:00,auth-service,ERROR,ERR AuthTokenExpired uid=u3756,req-36356418,False,False,2026-08-02,18
2026-08-02 18:08:28+00:00,web-portal,INFO,Request completed path=/report in 733ms,req-88447306,False,False,2026-08-02,18
2026-08-02 18:09:58+00:00,notification-worker,INFO,SMS sent uid=u8010,req-98427126,False,False,2026-08-02,18
2026-08-02 18:17:04+00:00,batch-report,INFO,Daily report job started,req-28536193,False,False,2026-08-02,18
2026-08-02 18:29:33+00:00,auth-service,INFO,Session created uid=u5360,req-58642195,False,False,2026-08-02,18
2026-08-02 18:30:31+00:00,web-portal,INFO,Request completed path=/home in 854ms,req-19525938,False,False,2026-08-02,18
2026-08-02 18:31:15+00:00,auth-service,INFO,User login success uid=u7531,req-93323819,False,False,2026-08-02,18
2026-08-02 18:31:51+00:00,payment-api,INFO,Payment processed txn=t805590 amount=120000,req-66194219,False,False,2026-08-02,18
2026-08-02 18:32:08+00:00,web-portal,WARN,Response time 2100ms path=/report,req-74880483,False,False,2026-08-02,18
2026-08-02 18:33:57+00:00,web-portal,INFO,Request completed path=/report in 886ms,req-45376376,False,False,2026-08-02,18
2026-08-02 18:37:07+00:00,web-portal,INFO,Request completed path=/report in 662ms,req-42562617,False,False,2026-08-02,18
2026-08-02 18:38:15+00:00,payment-api,INFO,Payment processed txn=t632765 amount=990000,req-90234648,False,False,2026-08-02,18
2026-08-02 18:41:31+00:00,web-portal,INFO,Request completed path=/home in 171ms,req-96296633,False,False,2026-08-02,18
2026-08-02 18:43:15+00:00,web-portal,INFO,Request completed path=/report in 368ms,req-84870185,False,False,2026-08-02,18
2026-08-02 18:49:27+00:00,payment-api,INFO,Payment processed txn=t450771 amount=50000,req-61681710,False,False,2026-08-02,18
2026-08-02 18:50:33+00:00,payment-api,INFO,Balance check ok uid=u1549,req-87425465,False,False,2026-08-02,18
2026-08-02 18:54:26+00:00,batch-report,INFO,Daily report job started,req-52884727,False,False,2026-08-02,18
2026-08-02 18:57:36+00:00,batch-report,INFO,Daily report job started,req-71656478,False,False,2026-08-02,18
2026-08-02 19:01:17+00:00,notification-worker,INFO,Email sent uid=u2688,req-57280021,False,False,2026-08-02,19
2026-08-02 19:04:14+00:00,notification-worker,INFO,Email sent uid=u3284,req-62054365,False,False,2026-08-02,19
2026-08-02 19:06:26+00:00,web-portal,WARN,Response time 2100ms path=/report,req-45353959,False,False,2026-08-02,19
2026-08-02 19:06:30+00:00,auth-service,INFO,User login success uid=u3372,req-53939110,False,False,2026-08-02,19
2026-08-02 19:07:09+00:00,web-portal,INFO,Request completed path=/home in 741ms,req-30258512,False,False,2026-08-02,19
2026-08-02 19:15:38+00:00,auth-service,INFO,User login success uid=u8065,req-45332312,False,False,2026-08-02,19
2026-08-02 19:18:46+00:00,web-portal,INFO,Request completed path=/report in 665ms,req-51899943,False,False,2026-08-02,19
2026-08-02 19:19:53+00:00,web-portal,INFO,Request completed path=/report in 405ms,req-57365466,False,False,2026-08-02,19
2026-08-02 19:26:08+00:00,web-portal,WARN,Response time 2100ms path=/report,req-92934499,False,False,2026-08-02,19
2026-08-02 19:29:32+00:00,notification-worker,INFO,SMS sent uid=u5224,req-65396292,False,False,2026-08-02,19
2026-08-02 19:30:56+00:00,batch-report,INFO,Daily report job started,req-30342394,False,False,2026-08-02,19
2026-08-02 19:31:33+00:00,batch-report,ERROR,ERR NullPointer in ReportBuilder step=aggregate,req-24941208,False,False,2026-08-02,19
2026-08-02 19:33:20+00:00,payment-api,WARN,Retry 1/3 calling notification-worker,req-63598601,False,False,2026-08-02,19
2026-08-02 19:33:58+00:00,auth-service,INFO,User login success uid=u1436,req-46268695,False,False,2026-08-02,19
2026-08-02 19:38:23+00:00,notification-worker,WARN,Queue depth high depth=1352,req-10577198,False,False,2026-08-02,19
2026-08-02 19:40:12+00:00,notification-worker,INFO,Email sent uid=u7643,req-55039197,False,False,2026-08-02,19
2026-08-02 19:42:53+00:00,auth-service,INFO,Session created uid=u3814,req-28116129,False,False,2026-08-02,19
2026-08-02 19:45:59+00:00,auth-service,INFO,Session created uid=u5748,req-58221378,False,False,2026-08-02,19
2026-08-02 19:59:07+00:00,notification-worker,INFO,SMS sent uid=u5296,req-98188826,False,False,2026-08-02,19
2026-08-02 20:13:30+00:00,notification-worker,INFO,SMS sent uid=u3359,req-17529652,False,False,2026-08-02,20
2026-08-02 20:15:44+00:00,batch-report,ERROR,ERR NullPointer in ReportBuilder step=aggregate,req-82537891,False,False,2026-08-02,20
2026-08-02 20:30:19+00:00,auth-service,INFO,User login success uid=u5565,req-10715296,False,False,2026-08-02,20
2026-08-02 20:30:39+00:00,batch-report,INFO,Daily report job started,req-68272017,False,False,2026-08-02,20
2026-08-02 20:39:41+00:00,notification-worker,INFO,Email sent uid=u7861,req-29192400,False,False,2026-08-02,20
2026-08-02 20:41:40+00:00,web-portal,INFO,Request completed path=/report in 167ms,req-48164274,False,False,2026-08-02,20
2026-08-02 20:41:44+00:00,payment-api,ERROR,ERR PaymentDeclined txn=t829928 code=51,req-62670144,False,False,2026-08-02,20
2026-08-02 20:42:27+00:00,notification-worker,INFO,Email sent uid=u8700,req-37107234,False,False,2026-08-02,20
2026-08-02 20:44:54+00:00,payment-api,INFO,Balance check ok uid=u8394,req-10103235,False,False,2026-08-02,20
2026-08-02 20:50:50+00:00,auth-service,INFO,User login success uid=u2931,req-50059312,False,False,2026-08-02,20
2026-08-02 20:53:34+00:00,batch-report,INFO,Daily report job finished rows=946,req-89477464,False,False,2026-08-02,20
2026-08-02 21:10:15+00:00,payment-api,INFO,Balance check ok uid=u6085,req-44436550,False,False,2026-08-02,21
2026-08-02 21:10:53+00:00,notification-worker,INFO,Email sent uid=u6596,req-60542762,False,False,2026-08-02,21
2026-08-02 21:16:53+00:00,auth-service,INFO,User login success uid=u3935,req-83765130,False,False,2026-08-02,21
2026-08-02 21:19:38+00:00,notification-worker,INFO,SMS sent uid=u3544,req-96855181,False,False,2026-08-02,21
2026-08-02 21:30:37+00:00,web-portal,ERROR,ERR HTTP 502 upstream=payment-api path=/checkout,req-48628069,False,False,2026-08-02,21
2026-08-02 21:39:49+00:00,web-portal,INFO,Request completed path=/report in 146ms,req-88795817,False,False,2026-08-02,21
2026-08-02 21:42:33+00:00,notification-worker,INFO,SMS sent uid=u1225,req-76167563,False,False,2026-08-02,21
2026-08-02 21:47:58+00:00,web-portal,INFO,Request completed path=/report in 643ms,req-52088357,False,False,2026-08-02,21
2026-08-02 21:49:23+00:00,notification-worker,INFO,SMS sent uid=u3180,req-25263861,False,False,2026-08-02,21
2026-08-02 21:50:14+00:00,notification-worker,INFO,SMS sent uid=u5769,req-28696461,False,False,2026-08-02,21
2026-08-02 21:52:04+00:00,payment-api,WARN,Slow query 1200ms table=tx_history,req-58769147,False,False,2026-08-02,21
2026-08-02 21:56:16+00:00,notification-worker,ERROR,ERR SMTPConnRefused host=mail-gw,req-28999328,False,False,2026-08-02,21
2026-08-02 21:58:38+00:00,auth-service,INFO,User login success uid=u4587,req-76203738,False,False,2026-08-02,21
2026-08-02 22:00:20+00:00,auth-service,WARN,Slow login 900ms uid=u5789,req-19322956,False,False,2026-08-02,22
2026-08-02 22:04:38+00:00,web-portal,INFO,Request completed path=/home in 753ms,req-24229923,False,False,2026-08-02,22
2026-08-02 22:29:08+00:00,payment-api,WARN,Slow query 1200ms table=tx_history,req-62007481,False,False,2026-08-02,22
2026-08-02 22:32:12+00:00,notification-worker,INFO,SMS sent uid=u4697,req-17802724,False,False,2026-08-02,22
2026-08-02 22:38:48+00:00,payment-api,INFO,Balance check ok uid=u2162,req-71689400,False,False,2026-08-02,22
2026-08-02 22:42:56+00:00,web-portal,INFO,Request completed path=/home in 178ms,req-15045722,False,False,2026-08-02,22
2026-08-02 22:45:06+00:00,payment-api,INFO,Payment processed txn=t578454 amount=50000,req-66543141,False,False,2026-08-02,22
2026-08-02 22:54:37+00:00,web-portal,INFO,Request completed path=/report in 330ms,req-63437031,False,False,2026-08-02,22
2026-08-02 22:56:36+00:00,web-portal,INFO,Request completed path=/report in 332ms,req-47784422,False,False,2026-08-02,22
2026-08-02 22:58:01+00:00,payment-api,INFO,Balance check ok uid=u5888,req-94436892,False,False,2026-08-02,22
2026-08-02 22:59:44+00:00,web-portal,INFO,Request completed path=/home in 795ms,req-23390672,False,False,2026-08-02,22
2026-08-02 23:04:32+00:00,batch-report,INFO,Daily report job started,req-76283981,False,False,2026-08-02,23
2026-08-02 23:06:45+00:00,web-portal,INFO,Request completed path=/home in 868ms,req-17243541,False,False,2026-08-02,23
2026-08-02 23:08:37+00:00,batch-report,INFO,Daily report job started,req-92782998,False,False,2026-08-02,23
2026-08-02 23:13:02+00:00,payment-api,INFO,Balance check ok uid=u6286,req-28528804,False,False,2026-08-02,23
2026-08-02 23:15:30+00:00,web-portal,WARN,Response time 2100ms path=/report,req-45353565,False,False,2026-08-02,23
2026-08-02 23:15:43+00:00,notification-worker,WARN,Queue depth high depth=1183,req-74931883,False,False,2026-08-02,23
2026-08-02 23:16:07+00:00,payment-api,ERROR,ERR ConnTimeout db-primary after 30s retry=3,req-55495302,False,False,2026-08-02,23
2026-08-02 23:16:42+00:00,batch-report,INFO,Daily report job started,req-50081515,False,False,2026-08-02,23
2026-08-02 23:21:30+00:00,notification-worker,INFO,Email sent uid=u9354,req-76803099,False,False,2026-08-02,23
2026-08-02 23:27:58+00:00,auth-service,INFO,Session created uid=u5976,req-60148407,False,False,2026-08-02,23
2026-08-02 23:30:10+00:00,web-portal,ERROR,ERR HTTP 502 upstream=payment-api path=/checkout,req-99609973,False,False,2026-08-02,23
2026-08-02 23:35:23+00:00,payment-api,INFO,Balance check ok uid=u7923,req-13991574,False,False,2026-08-02,23
2026-08-02 23:41:19+00:00,batch-report,INFO,Daily report job finished rows=899,req-60194200,False,False,2026-08-02,23
2026-08-02 23:43:40+00:00,web-portal,INFO,Request completed path=/report in 284ms,req-87206285,False,False,2026-08-02,23
2026-08-02 23:51:49+00:00,notification-worker,INFO,SMS sent uid=u1850,req-27979051,False,False,2026-08-02,23
2026-08-02 23:55:40+00:00,web-portal,INFO,Request completed path=/home in 871ms,req-72913088,False,False,2026-08-02,23
2026-08-02 23:55:48+00:00,web-portal,INFO,Request completed path=/report in 109ms,req-61595935,False,False,2026-08-02,23
2026-08-02 23:56:35+00:00,batch-report,WARN,Report row mismatch expected=927 got=1028,req-25967936,False,False,2026-08-02,23
